,Survived,Pclass,Sex,Age,SibSp,Parch,Floor,Embarked,Relateds,cod_faixa_etaria,faixa_etaria
0,0,3,male,22,1,0,SC,S,1,2,jovem_adulto
1,0,3,male,22,0,0,SC,C,0,2,jovem_adulto
2,0,3,male,22,0,0,SC,S,0,2,jovem_adulto
3,0,3,male,22,0,0,SC,S,0,2,jovem_adulto
4,0,3,male,22,0,0,SC,S,0,2,jovem_adulto
5,1,3,female,22,0,0,SC,S,0,2,jovem_adulto
6,1,1,female,22,1,0,C,S,1,2,jovem_adulto
7,0,3,male,22,0,0,SC,S,0,2,jovem_adulto
8,0,3,male,22,0,0,SC,S,0,2,jovem_adulto
9,0,3,male,22,0,0,SC,S,0,2,jovem_adulto
10,0,3,male,22,0,0,SC,S,0,2,jovem_adulto
11,0,3,male,22,0,0,SC,S,0,2,jovem_adulto
12,1,3,female,22,0,0,SC,Q,0,2,jovem_adulto
13,0,3,male,22,0,0,SC,S,0,2,jovem_adulto
14,1,2,female,22,1,1,SC,S,2,2,jovem_adulto
15,0,3,male,22,8,2,SC,S,10,2,jovem_adulto
16,1,1,female,22,0,1,E,S,1,2,jovem_adulto
17,0,1,male,22,0,0,SC,C,0,2,jovem_adulto
18,1,3,female,22,0,0,SC,S,0,2,jovem_adulto
19,0,3,male,22,0,0,SC,S,0,2,jovem_adulto
20,0,3,female,22,0,0,SC,S,0,2,jovem_adulto
21,0,3,male,22,0,0,SC,S,0,2,jovem_adulto
22,0,3,male,22,0,0,SC,S,0,2,jovem_adulto
23,0,3,male,22,0,0,SC,C,0,2,jovem_adulto
24,1,1,female,22,0,2,B,C,2,2,jovem_adulto
25,1,3,male,22,0,0,SC,C,0,2,jovem_adulto
26,1,3,female,22,0,0,SC,S,0,2,jovem_adulto
27,0,3,male,22,0,0,SC,S,0,2,jovem_adulto
28,1,2,female,22,1,2,SC,C,3,2,jovem_adulto
29,1,1,female,22,0,0,SC,S,0,2,jovem_adulto
30,0,3,female,22,0,0,SC,S,0,2,jovem_adulto
31,1,1,female,38,1,0,C,C,1,2,jovem_adulto
32,1,3,female,38,1,5,SC,S,6,2,jovem_adulto
33,1,1,female,38,0,0,B,S,0,2,jovem_adulto
34,0,3,male,38,0,0,SC,S,0,2,jovem_adulto
35,0,3,male,38,0,0,SC,S,0,2,jovem_adulto
36,0,1,male,38,0,0,A,S,0,2,jovem_adulto
37,1,1,male,38,1,0,C,S,1,2,jovem_adulto
38,0,1,male,38,0,1,C,S,1,2,jovem_adulto
39,0,2,female,38,0,0,SC,S,0,2,jovem_adulto
40,0,3,male,38,1,0,SC,S,1,2,jovem_adulto
41,0,3,male,38,0,0,SC,S,0,2,jovem_adulto
42,0,3,male,38,0,0,SC,S,0,2,jovem_adulto
43,0,1,male,38,0,0,SC,S,0,2,jovem_adulto
44,1,1,female,38,0,0,C,C,0,2,jovem_adulto
45,0,1,male,38,0,0,SC,S,0,2,jovem_adulto
46,0,3,male,38,0,0,SC,S,0,2,jovem_adulto
47,1,3,female,26,0,0,SC,S,0,2,jovem_adulto
48,0,3,male,26,0,0,SC,C,0,2,jovem_adulto
49,0,3,male,26,2,0,SC,C,2,2,jovem_adulto
50,0,3,male,26,2,0,SC,S,2,2,jovem_adulto
51,0,3,male,26,1,0,SC,C,1,2,jovem_adulto
52,0,3,male,26,1,2,SC,S,3,2,jovem_adulto
53,0,3,female,26,0,2,SC,C,2,2,jovem_adulto
54,0,3,male,26,0,0,SC,S,0,2,jovem_adulto
55,1,3,male,26,0,0,SC,C,0,2,jovem_adulto
56,0,3,male,26,0,0,SC,Q,0,2,jovem_adulto
57,1,1,female,26,0,0,SC,S,0,2,jovem_adulto
58,0,2,female,26,1,1,SC,S,2,2,jovem_adulto
59,1,3,female,26,0,0,SC,S,0,2,jovem_adulto
60,1,3,female,26,1,0,SC,S,1,2,jovem_adulto
61,0,3,male,26,0,0,SC,S,0,2,jovem_adulto
62,1,1,female,26,1,0,D,S,1,2,jovem_adulto
63,1,3,male,26,0,0,SC,S,0,2,jovem_adulto
64,0,3,female,26,1,0,SC,S,1,2,jovem_adulto
65,0,2,male,26,0,0,SC,S,0,2,jovem_adulto
66,0,3,male,26,0,0,SC,S,0,2,jovem_adulto
67,0,3,male,26,0,0,SC,S,0,2,jovem_adulto
68,0,3,male,26,1,0,SC,S,1,2,jovem_adulto
69,0,1,male,26,0,0,SC,C,0,2,jovem_adulto
70,0,3,male,26,0,0,SC,S,0,2,jovem_adulto
71,0,3,male,26,0,0,SC,S,0,2,jovem_adulto
72,1,1,male,26,0,0,C,C,0,2,jovem_adulto
73,1,1,female,35,1,0,C,S,1,2,jovem_adulto
74,0,3,male,35,0,0,SC,S,0,2,jovem_adulto
75,0,2,male,35,0,0,SC,S,0,2,jovem_adulto
76,1,2,female,35,0,0,SC,S,0,2,jovem_adulto
77,1,1,female,35,1,0,C,S,1,2,jovem_adulto
78,1,1,female,35,0,0,SC,C,0,2,jovem_adulto
79,1,1,female,35,0,0,C,S,0,2,jovem_adulto
80,1,3,female,35,1,1,SC,S,2,2,jovem_adulto
81,0,3,male,35,0,0,SC,S,0,2,jovem_adulto
82,1,3,female,35,0,0,SC,C,0,2,jovem_adulto
83,1,1,female,35,1,0,SC,S,1,2,jovem_adulto
84,1,1,female,35,1,0,C,S,1,2,jovem_adulto
85,0,3,male,35,0,0,SC,Q,0,2,jovem_adulto
86,0,3,male,35,0,0,SC,S,0,2,jovem_adulto
87,1,1,male,35,0,0,SC,C,0,2,jovem_adulto
88,0,3,male,35,0,0,SC,S,0,2,jovem_adulto
89,1,1,male,35,0,0,E,S,0,2,jovem_adulto
90,1,1,male,35,0,0,B,C,0,2,jovem_adulto
91,0,1,male,35,0,0,SC,C,0,2,jovem_adulto
92,0,2,male,35,0,0,SC,S,0,2,jovem_adulto
93,0,3,male,35,0,0,SC,C,0,2,jovem_adulto
94,0,3,male,33,0,0,SC,Q,0,2,jovem_adulto
95,0,3,male,33,0,0,SC,S,0,2,jovem_adulto
96,1,3,female,33,3,0,SC,S,3,2,jovem_adulto
97,0,3,male,33,0,0,SC,S,0,2,jovem_adulto
98,0,3,male,33,0,0,SC,C,0,2,jovem_adulto
99,0,2,male,33,0,0,SC,S,0,2,jovem_adulto
100,0,3,male,33,0,0,SC,C,0,2,jovem_adulto
101,1,1,female,33,1,0,SC,S,1,2,jovem_adulto
102,0,3,male,33,0,0,SC,Q,0,2,jovem_adulto
103,1,1,female,33,1,0,C,Q,1,2,jovem_adulto
104,1,2,female,33,1,2,SC,S,3,2,jovem_adulto
105,1,2,female,33,0,2,SC,S,2,2,jovem_adulto
106,0,3,male,33,1,1,SC,S,2,2,jovem_adulto
107,0,3,male,33,0,0,SC,S,0,2,jovem_adulto
108,0,1,male,33,0,0,C,S,0,2,jovem_adulto
109,0,3,male,33,0,0,SC,Q,0,2,jovem_adulto
110,0,3,male,33,0,0,SC,S,0,2,jovem_adulto
111,0,3,male,33,0,0,SC,S,0,2,jovem_adulto
112,1,1,female,33,0,0,B,S,0,2,jovem_adulto
113,1,1,female,33,1,0,E,S,1,2,jovem_adulto
114,0,1,male,33,0,0,B,S,0,2,jovem_adulto
115,0,3,male,33,0,0,SC,S,0,2,jovem_adulto
116,0,1,male,54,0,0,E,S,0,1,adulto_idoso
117,0,1,male,54,0,1,D,S,1,1,adulto_idoso
118,0,2,male,54,1,0,SC,S,1,1,adulto_idoso
119,0,2,male,54,0,0,SC,S,0,1,adulto_idoso
120,1,1,female,54,1,0,D,C,1,1,adulto_idoso
121,1,1,female,54,1,0,SC,C,1,1,adulto_idoso
122,0,2,male,54,0,0,SC,S,0,1,adulto_idoso
123,1,2,female,54,1,3,SC,S,4,1,adulto_idoso
124,0,3,male,2,3,1,SC,S,4,0,crianca_adolescente
125,0,3,male,2,4,1,SC,Q,5,0,crianca_adolescente
126,0,3,female,2,4,2,SC,S,6,0,crianca_adolescente
127,0,3,female,2,0,1,G,S,1,0,crianca_adolescente
128,0,1,female,2,1,2,C,S,3,0,crianca_adolescente
129,1,2,male,2,1,1,F,S,2,0,crianca_adolescente
130,1,3,female,2,0,1,SC,S,1,0,crianca_adolescente
131,1,2,female,2,1,1,SC,S,2,0,crianca_adolescente
132,0,3,female,2,3,2,SC,S,5,0,crianca_adolescente
133,0,3,male,2,4,1,SC,S,5,0,crianca_adolescente
134,1,3,female,27,0,2,SC,S,2,2,jovem_adulto
135,0,2,female,27,1,0,SC,S,1,2,jovem_adulto
136,1,3,male,27,0,0,SC,S,0,2,jovem_adulto
137,1,3,female,27,0,0,SC,S,0,2,jovem_adulto
138,0,2,male,27,0,0,SC,S,0,2,jovem_adulto
139,1,1,female,27,0,0,SC,C,0,2,jovem_adulto
140,0,3,male,27,0,0,SC,S,0,2,jovem_adulto
141,0,1,male,27,0,2,C,C,2,2,jovem_adulto
142,0,2,male,27,0,0,SC,S,0,2,jovem_adulto
143,0,1,male,27,0,0,SC,C,0,2,jovem_adulto
144,1,1,male,27,0,0,SC,S,0,2,jovem_adulto
145,0,3,male,27,1,0,SC,C,1,2,jovem_adulto
146,1,1,male,27,0,0,D,C,0,2,jovem_adulto
147,1,2,female,27,0,0,E,S,0,2,jovem_adulto
148,1,1,male,27,1,0,E,S,1,2,jovem_adulto
149,1,3,female,27,0,0,SC,Q,0,2,jovem_adulto
150,0,3,male,27,0,0,SC,Q,0,2,jovem_adulto
151,1,3,male,27,0,0,SC,S,0,2,jovem_adulto
152,1,3,male,27,0,0,SC,S,0,2,jovem_adulto
153,1,3,female,27,0,1,E,S,1,2,jovem_adulto
154,0,3,male,27,0,0,SC,C,0,2,jovem_adulto
155,1,2,female,27,1,0,SC,C,1,2,jovem_adulto
156,0,2,male,27,0,0,SC,S,0,2,jovem_adulto
157,1,2,female,14,1,0,SC,C,1,0,crianca_adolescente
158,0,3,female,14,0,0,SC,S,0,0,crianca_adolescente
159,1,3,female,14,1,0,SC,C,1,0,crianca_adolescente
160,0,3,female,14,1,0,SC,C,1,0,crianca_adolescente
161,1,1,female,14,1,2,B,S,3,0,crianca_adolescente
162,0,3,male,14,5,2,SC,S,7,0,crianca_adolescente
163,0,3,male,14,4,1,SC,S,5,0,crianca_adolescente
164,1,3,female,4,1,1,G,S,2,0,crianca_adolescente
165,0,3,male,4,3,2,SC,S,5,0,crianca_adolescente
166,0,3,male,4,4,1,SC,Q,5,0,crianca_adolescente
167,1,3,female,4,0,2,SC,S,2,0,crianca_adolescente
168,1,1,male,4,0,2,A,S,2,0,crianca_adolescente
169,1,2,female,4,2,1,F,S,3,0,crianca_adolescente
170,1,3,female,4,0,1,SC,C,1,0,crianca_adolescente
171,1,2,female,4,1,1,SC,S,2,0,crianca_adolescente
172,0,3,male,4,4,2,SC,S,6,0,crianca_adolescente
173,1,3,male,4,1,1,SC,S,2,0,crianca_adolescente
174,1,1,female,58,0,0,C,S,0,1,adulto_idoso
175,1,1,female,58,0,0,B,C,0,1,adulto_idoso
176,1,1,female,58,0,1,C,S,1,1,adulto_idoso
177,0,1,male,58,0,0,B,C,0,1,adulto_idoso
178,0,1,male,58,0,2,D,C,2,1,adulto_idoso
179,0,3,male,20,0,0,SC,S,0,2,jovem_adulto
180,0,3,male,20,0,0,SC,S,0,2,jovem_adulto
181,0,3,female,20,1,0,SC,S,1,2,jovem_adulto
182,0,3,male,20,0,0,SC,S,0,2,jovem_adulto
183,0,3,male,20,0,0,SC,S,0,2,jovem_adulto
184,0,3,male,20,0,0,SC,C,0,2,jovem_adulto
185,0,3,female,20,0,0,SC,S,0,2,jovem_adulto
186,0,3,male,20,0,0,SC,S,0,2,jovem_adulto
187,0,3,female,20,3,1,SC,S,4,2,jovem_adulto
188,1,3,male,20,1,1,SC,C,2,2,jovem_adulto
189,0,3,male,20,0,0,SC,S,0,2,jovem_adulto
190,1,3,male,20,1,0,SC,S,1,2,jovem_adulto
191,0,3,female,20,0,0,SC,Q,0,2,jovem_adulto
192,0,3,male,20,0,0,SC,S,0,2,jovem_adulto
193,0,3,male,20,0,0,SC,S,0,2,jovem_adulto
194,1,3,male,20,0,0,SC,C,0,2,jovem_adulto
195,0,3,male,20,0,0,SC,S,0,2,jovem_adulto
196,0,3,male,20,0,0,SC,S,0,2,jovem_adulto
197,0,3,male,39,1,5,SC,S,6,2,jovem_adulto
198,1,1,male,39,0,0,C,S,0,2,jovem_adulto
199,0,3,male,39,0,0,SC,S,0,2,jovem_adulto
200,1,1,female,39,0,1,E,S,1,2,jovem_adulto
201,1,3,male,39,0,0,SC,S,0,2,jovem_adulto
202,0,3,male,39,0,0,SC,S,0,2,jovem_adulto
203,0,3,male,39,0,0,SC,S,0,2,jovem_adulto
204,0,3,male,39,0,0,SC,S,0,2,jovem_adulto
205,0,1,male,39,0,0,C,S,0,2,jovem_adulto
206,0,3,male,39,0,0,SC,S,0,2,jovem_adulto
207,0,3,male,39,0,0,SC,S,0,2,jovem_adulto
208,1,1,female,39,1,1,E,S,2,2,jovem_adulto
209,1,1,female,39,1,0,E,S,1,2,jovem_adulto
210,1,1,female,39,1,1,C,C,2,2,jovem_adulto
211,0,3,female,39,1,5,SC,S,6,2,jovem_adulto
212,0,2,male,39,0,0,SC,S,0,2,jovem_adulto
213,0,3,male,39,0,0,SC,Q,0,2,jovem_adulto
214,0,2,male,39,0,0,SC,S,0,2,jovem_adulto
215,0,1,male,39,0,0,A,S,0,2,jovem_adulto
216,0,2,male,39,0,0,SC,S,0,2,jovem_adulto
217,0,3,male,39,0,0,SC,S,0,2,jovem_adulto
218,1,1,female,39,1,1,E,C,2,2,jovem_adulto
219,0,3,male,39,8,2,SC,S,10,2,jovem_adulto
220,0,3,female,39,0,5,SC,Q,5,2,jovem_adulto
221,1,2,female,55,0,0,SC,S,0,1,adulto_idoso
222,0,3,male,55,0,0,SC,S,0,1,adulto_idoso
223,0,1,male,55,0,0,C,S,0,1,adulto_idoso
224,1,2,male,24,0,0,SC,S,0,2,jovem_adulto
225,1,3,female,24,0,0,SC,Q,0,2,jovem_adulto
226,0,1,male,24,0,0,SC,C,0,2,jovem_adulto
227,0,3,male,24,0,0,SC,S,0,2,jovem_adulto
228,0,1,male,24,0,1,B,C,1,2,jovem_adulto
229,1,3,male,24,0,0,SC,S,0,2,jovem_adulto
230,0,1,male,24,0,0,B,C,0,2,jovem_adulto
231,1,3,female,24,1,0,SC,S,1,2,jovem_adulto
232,0,1,male,24,0,0,SC,S,0,2,jovem_adulto
233,0,2,female,24,0,0,SC,S,0,2,jovem_adulto
234,0,3,male,24,0,0,SC,S,0,2,jovem_adulto
235,0,2,male,24,0,0,SC,S,0,2,jovem_adulto
236,1,2,female,24,0,2,SC,S,2,2,jovem_adulto
237,0,3,female,24,0,0,SC,S,0,2,jovem_adulto
238,0,3,male,24,0,0,SC,S,0,2,jovem_adulto
239,0,1,male,24,0,0,SC,C,0,2,jovem_adulto
240,1,1,female,24,0,0,C,C,0,2,jovem_adulto
241,1,2,female,24,1,0,SC,S,1,2,jovem_adulto
242,1,1,female,24,3,2,C,S,5,2,jovem_adulto
243,1,2,female,24,0,0,F,S,0,2,jovem_adulto
244,1,1,female,24,0,0,B,C,0,2,jovem_adulto
245,1,3,female,24,0,2,G,S,2,2,jovem_adulto
246,1,2,female,24,2,3,SC,S,5,2,jovem_adulto
247,0,3,male,24,0,0,SC,S,0,2,jovem_adulto
248,0,3,male,24,0,0,SC,S,0,2,jovem_adulto
249,0,3,male,24,2,0,SC,S,2,2,jovem_adulto
250,1,2,female,24,2,1,SC,S,3,2,jovem_adulto
251,1,2,female,24,1,2,SC,S,3,2,jovem_adulto
252,1,1,female,24,0,0,B,C,0,2,jovem_adulto
253,1,3,male,24,0,0,SC,S,0,2,jovem_adulto
254,0,2,male,24,2,0,SC,S,2,2,jovem_adulto
255,0,3,male,24,0,0,SC,S,0,2,jovem_adulto
256,1,1,female,24,0,0,C,C,0,2,jovem_adulto
257,0,3,male,24,1,0,SC,S,1,2,jovem_adulto
258,0,3,male,24,1,0,SC,Q,1,2,jovem_adulto
259,0,3,male,24,0,0,SC,S,0,2,jovem_adulto
260,1,3,female,24,0,3,SC,C,3,2,jovem_adulto
261,0,2,male,24,0,0,SC,S,0,2,jovem_adulto
262,0,3,female,31,1,0,SC,S,1,2,jovem_adulto
263,1,3,male,31,0,0,SC,C,0,2,jovem_adulto
264,1,1,female,31,1,0,D,C,1,2,jovem_adulto
265,0,3,female,31,1,0,SC,C,1,2,jovem_adulto
266,1,1,female,31,0,2,C,S,2,2,jovem_adulto
267,1,3,female,31,1,1,SC,S,2,2,jovem_adulto
268,0,3,female,31,0,0,SC,S,0,2,jovem_adulto
269,0,3,male,31,0,0,SC,C,0,2,jovem_adulto
270,0,2,male,31,0,0,SC,S,0,2,jovem_adulto
271,0,3,male,31,0,0,SC,C,0,2,jovem_adulto
272,0,2,male,31,1,1,SC,S,2,2,jovem_adulto
273,0,1,male,31,1,0,B,S,1,2,jovem_adulto
274,1,2,male,31,0,0,SC,S,0,2,jovem_adulto
275,1,1,male,31,1,0,B,S,1,2,jovem_adulto
276,1,3,male,31,0,0,SC,S,0,2,jovem_adulto
277,0,3,male,31,0,0,SC,Q,0,2,jovem_adulto
278,1,3,female,31,0,0,SC,S,0,2,jovem_adulto
279,1,2,female,31,1,1,SC,S,2,2,jovem_adulto
280,0,3,male,31,0,0,SC,S,0,2,jovem_adulto
281,0,2,male,31,1,1,SC,C,2,2,jovem_adulto
282,0,1,male,31,0,0,A,S,0,2,jovem_adulto
283,1,3,female,43,0,0,SC,C,0,1,adulto_idoso
284,0,2,male,43,1,1,SC,S,2,1,adulto_idoso
285,0,2,male,43,0,0,SC,S,0,1,adulto_idoso
286,0,3,male,43,0,0,SC,Q,0,1,adulto_idoso
287,1,3,female,43,0,2,SC,C,2,1,adulto_idoso
288,0,3,male,43,0,0,SC,S,0,1,adulto_idoso
289,0,3,female,43,1,6,SC,S,7,1,adulto_idoso
290,1,1,female,43,0,1,B,S,1,1,adulto_idoso
291,0,3,male,43,0,0,SC,S,0,1,adulto_idoso
292,0,3,male,43,0,0,SC,S,0,1,adulto_idoso
293,1,2,male,34,0,0,D,S,0,2,jovem_adulto
294,1,2,female,34,0,1,SC,S,1,2,jovem_adulto
295,0,2,male,34,1,0,SC,S,1,2,jovem_adulto
296,0,3,male,34,0,0,SC,S,0,2,jovem_adulto
297,0,1,male,34,0,0,SC,S,0,2,jovem_adulto
298,1,3,male,34,2,0,SC,Q,2,2,jovem_adulto
299,0,1,male,34,0,0,C,S,0,2,jovem_adulto
300,0,2,male,34,1,0,SC,S,1,2,jovem_adulto
301,1,2,female,34,1,1,SC,S,2,2,jovem_adulto
302,1,1,male,34,0,0,SC,S,0,2,jovem_adulto
303,0,3,male,34,0,0,SC,S,0,2,jovem_adulto
304,0,2,male,34,1,0,SC,S,1,2,jovem_adulto
305,1,2,female,34,0,0,F,S,0,2,jovem_adulto
306,0,3,male,34,0,0,SC,Q,0,2,jovem_adulto
307,1,2,female,34,0,0,SC,S,0,2,jovem_adulto
308,0,3,male,34,1,1,SC,S,2,2,jovem_adulto
309,0,3,male,34,0,0,SC,S,0,2,jovem_adulto
310,0,2,male,34,0,0,SC,S,0,2,jovem_adulto
311,0,3,male,34,0,0,SC,S,0,2,jovem_adulto
312,0,2,male,34,0,0,SC,S,0,2,jovem_adulto
313,0,3,male,34,0,0,SC,C,0,2,jovem_adulto
314,1,3,female,15,0,0,SC,Q,0,0,crianca_adolescente
315,0,3,female,15,3,1,SC,S,4,0,crianca_adolescente
316,1,1,female,15,0,0,SC,C,0,0,crianca_adolescente
317,0,3,male,15,1,1,SC,C,2,0,crianca_adolescente
318,1,1,female,15,0,1,B,S,1,0,crianca_adolescente
319,1,3,female,15,1,0,SC,C,1,0,crianca_adolescente
320,1,3,female,15,0,0,SC,C,0,0,crianca_adolescente
321,1,1,male,28,0,0,A,S,0,2,jovem_adulto
322,0,1,male,28,1,0,SC,C,1,2,jovem_adulto
323,0,3,male,28,0,0,SC,C,0,2,jovem_adulto
324,0,1,male,28,0,0,SC,S,0,2,jovem_adulto
325,0,3,female,28,0,0,SC,S,0,2,jovem_adulto
326,0,3,male,28,0,0,SC,S,0,2,jovem_adulto
327,1,3,male,28,0,0,SC,S,0,2,jovem_adulto
328,0,3,male,28,0,0,SC,S,0,2,jovem_adulto
329,0,3,male,28,0,0,SC,S,0,2,jovem_adulto
330,0,3,male,28,0,0,SC,S,0,2,jovem_adulto
331,0,3,male,28,0,0,SC,S,0,2,jovem_adulto
332,0,2,male,28,0,0,SC,S,0,2,jovem_adulto
333,0,3,male,28,0,0,SC,S,0,2,jovem_adulto
334,0,3,male,28,2,0,SC,S,2,2,jovem_adulto
335,1,2,female,28,0,0,SC,S,0,2,jovem_adulto
336,0,3,male,28,1,0,SC,S,1,2,jovem_adulto
337,0,3,female,28,1,1,SC,S,2,2,jovem_adulto
338,1,2,female,28,1,0,SC,S,1,2,jovem_adulto
339,1,1,male,28,0,0,C,S,0,2,jovem_adulto
340,1,2,female,28,0,0,SC,S,0,2,jovem_adulto
341,0,3,male,28,0,0,SC,S,0,2,jovem_adulto
342,1,2,male,28,0,0,SC,C,0,2,jovem_adulto
343,0,2,male,28,0,0,SC,S,0,2,jovem_adulto
344,0,3,male,28,0,0,SC,Q,0,2,jovem_adulto
345,1,2,female,28,0,0,SC,S,0,2,jovem_adulto
346,0,3,male,28,0,0,SC,S,0,2,jovem_adulto
347,0,3,male,28,0,0,SC,S,0,2,jovem_adulto
348,0,2,male,28,0,1,SC,S,1,2,jovem_adulto
349,1,2,female,28,1,0,SC,C,1,2,jovem_adulto
350,0,2,male,28,0,0,SC,S,0,2,jovem_adulto
351,0,3,female,8,3,1,SC,S,4,0,crianca_adolescente
352,1,2,female,8,0,2,SC,S,2,0,crianca_adolescente
353,1,2,male,8,1,1,SC,S,2,0,crianca_adolescente
354,0,3,male,8,4,1,SC,Q,5,0,crianca_adolescente
355,0,1,male,19,3,2,C,S,5,2,jovem_adulto
356,1,3,female,19,0,0,SC,Q,0,2,jovem_adulto
357,0,3,male,19,0,0,SC,S,0,2,jovem_adulto
358,1,1,female,19,0,2,D,S,2,2,jovem_adulto
359,0,3,male,19,0,0,SC,Q,0,2,jovem_adulto
360,0,2,male,19,1,1,SC,S,2,2,jovem_adulto
361,0,2,male,19,0,0,SC,S,0,2,jovem_adulto
362,1,3,female,19,1,0,SC,S,1,2,jovem_adulto
363,1,2,male,19,0,0,SC,S,0,2,jovem_adulto
364,0,3,female,19,0,0,SC,S,0,2,jovem_adulto
365,0,2,male,19,0,0,SC,S,0,2,jovem_adulto
366,1,3,female,19,0,0,SC,Q,0,2,jovem_adulto
367,1,3,male,19,0,0,SC,S,0,2,jovem_adulto
368,1,1,female,19,1,0,B,C,1,2,jovem_adulto
369,0,3,male,19,0,0,SC,S,0,2,jovem_adulto
370,1,3,female,19,2,0,SC,Q,2,2,jovem_adulto
371,0,3,male,19,0,0,SC,S,0,2,jovem_adulto
372,0,3,male,19,0,0,SC,S,0,2,jovem_adulto
373,1,2,female,19,0,0,SC,S,0,2,jovem_adulto
374,1,2,female,19,1,0,SC,S,1,2,jovem_adulto
375,0,3,male,19,0,0,SC,S,0,2,jovem_adulto
376,0,3,male,19,0,0,SC,S,0,2,jovem_adulto
377,0,3,male,19,0,0,SC,S,0,2,jovem_adulto
378,0,3,male,19,0,0,SC,S,0,2,jovem_adulto
379,0,3,male,19,0,0,F,S,0,2,jovem_adulto
380,0,1,male,19,1,0,D,S,1,2,jovem_adulto
381,0,3,male,19,0,0,SC,S,0,2,jovem_adulto
382,1,1,female,19,0,0,B,S,0,2,jovem_adulto
383,1,3,female,12,0,0,SC,Q,0,0,crianca_adolescente
384,1,3,male,12,1,0,SC,C,1,0,crianca_adolescente
385,1,3,female,12,0,0,SC,Q,0,0,crianca_adolescente
386,0,1,male,40,0,0,SC,C,0,2,jovem_adulto
387,0,3,female,40,1,0,SC,S,1,2,jovem_adulto
388,0,3,male,40,0,0,SC,C,0,2,jovem_adulto
389,0,3,male,40,0,0,SC,S,0,2,jovem_adulto
390,0,3,male,40,0,2,SC,S,2,2,jovem_adulto
391,1,2,female,40,0,0,SC,S,0,2,jovem_adulto
392,0,3,male,40,1,1,SC,Q,2,2,jovem_adulto
393,1,1,male,40,0,0,A,C,0,2,jovem_adulto
394,0,1,male,40,0,0,B,S,0,2,jovem_adulto
395,0,2,male,40,0,0,SC,S,0,2,jovem_adulto
396,1,1,female,40,1,1,E,C,2,2,jovem_adulto
397,1,2,female,40,0,0,SC,S,0,2,jovem_adulto
398,0,3,male,40,1,4,SC,S,5,2,jovem_adulto
399,0,3,male,40,0,0,SC,Q,0,2,jovem_adulto
400,0,3,male,40,0,0,SC,S,0,2,jovem_adulto
401,0,3,male,40,0,0,SC,C,0,2,jovem_adulto
402,0,3,male,40,0,0,SC,C,0,2,jovem_adulto
403,1,1,female,40,0,0,C,S,0,2,jovem_adulto
404,0,3,male,40,0,0,SC,C,0,2,jovem_adulto
405,1,2,female,40,1,1,SC,S,2,2,jovem_adulto
406,0,2,male,40,0,0,SC,S,0,2,jovem_adulto
407,0,3,male,40,1,2,SC,S,3,2,jovem_adulto
408,1,1,female,23,1,0,B,C,1,2,jovem_adulto
409,1,1,female,23,3,2,C,S,5,2,jovem_adulto
410,1,1,male,23,0,1,D,C,1,2,jovem_adulto
411,0,2,male,23,0,0,SC,C,0,2,jovem_adulto
412,0,3,male,23,0,0,SC,C,0,2,jovem_adulto
413,0,3,male,23,0,0,SC,S,0,2,jovem_adulto
414,1,1,female,23,1,0,SC,C,1,2,jovem_adulto
415,1,1,female,23,1,0,D,C,1,2,jovem_adulto
416,0,2,male,23,0,0,SC,S,0,2,jovem_adulto
417,1,2,female,23,0,0,D,C,0,2,jovem_adulto
418,0,2,male,23,2,1,SC,S,3,2,jovem_adulto
419,1,3,female,23,0,0,SC,S,0,2,jovem_adulto
420,0,2,male,23,0,0,SC,S,0,2,jovem_adulto
421,1,3,male,23,0,0,SC,S,0,2,jovem_adulto
422,0,2,male,23,0,0,SC,S,0,2,jovem_adulto
423,0,2,male,23,0,0,SC,S,0,2,jovem_adulto
424,0,3,male,23,0,0,SC,S,0,2,jovem_adulto
425,0,3,female,23,8,2,SC,S,10,2,jovem_adulto
426,0,3,female,23,0,0,SC,S,0,2,jovem_adulto
427,0,3,male,23,0,0,SC,S,0,2,jovem_adulto
428,0,2,male,66,0,0,SC,S,0,1,adulto_idoso
429,0,1,male,42,1,0,SC,S,1,1,adulto_idoso
430,0,2,male,42,0,0,SC,S,0,1,adulto_idoso
431,0,3,male,42,0,1,SC,S,1,1,adulto_idoso
432,0,2,male,42,1,0,SC,S,1,1,adulto_idoso
433,1,2,male,42,0,0,SC,S,0,1,adulto_idoso
434,0,3,male,42,0,0,SC,S,0,1,adulto_idoso
435,1,1,female,42,0,0,SC,C,0,1,adulto_idoso
436,1,2,female,42,1,0,SC,S,1,1,adulto_idoso
437,0,3,male,42,0,0,SC,Q,0,1,adulto_idoso
438,0,1,male,42,0,0,SC,S,0,1,adulto_idoso
439,1,1,male,42,1,0,D,S,1,1,adulto_idoso
440,0,3,male,42,1,0,SC,S,1,1,adulto_idoso
441,0,3,male,42,0,0,F,S,0,1,adulto_idoso
442,1,1,male,42,0,0,E,S,0,1,adulto_idoso
443,0,3,male,42,0,0,SC,C,0,1,adulto_idoso
444,0,3,male,42,0,0,SC,S,0,1,adulto_idoso
445,0,3,male,42,0,0,SC,S,0,1,adulto_idoso
446,1,1,female,42,1,0,C,C,1,1,adulto_idoso
447,1,2,female,42,0,0,SC,S,0,1,adulto_idoso
448,0,3,male,21,0,0,SC,S,0,2,jovem_adulto
449,0,3,male,21,0,0,SC,S,0,2,jovem_adulto
450,1,2,female,21,0,0,SC,S,0,2,jovem_adulto
451,0,2,male,21,0,0,SC,S,0,2,jovem_adulto
452,0,3,male,21,0,0,SC,S,0,2,jovem_adulto
453,0,1,male,21,0,1,D,S,1,2,jovem_adulto
454,1,3,female,21,0,0,SC,S,0,2,jovem_adulto
455,0,3,male,21,0,0,SC,S,0,2,jovem_adulto
456,0,2,male,21,2,0,SC,S,2,2,jovem_adulto
457,0,3,male,21,0,0,SC,Q,0,2,jovem_adulto
458,0,3,male,21,0,0,SC,S,0,2,jovem_adulto
459,0,3,female,21,0,0,SC,Q,0,2,jovem_adulto
460,0,1,male,21,0,0,A,S,0,2,jovem_adulto
461,1,3,female,21,0,0,SC,Q,0,2,jovem_adulto
462,1,3,male,21,0,0,SC,S,0,2,jovem_adulto
463,0,3,female,21,1,0,SC,S,1,2,jovem_adulto
464,0,3,male,21,0,0,SC,S,0,2,jovem_adulto
465,0,3,male,21,0,0,SC,Q,0,2,jovem_adulto
466,0,3,female,21,2,2,SC,S,4,2,jovem_adulto
467,1,3,male,21,0,0,SC,S,0,2,jovem_adulto
468,0,3,male,21,1,0,SC,S,1,2,jovem_adulto
469,0,3,male,21,0,0,SC,S,0,2,jovem_adulto
470,0,3,male,21,0,0,SC,S,0,2,jovem_adulto
471,0,3,female,21,0,0,SC,Q,0,2,jovem_adulto
472,0,3,male,21,0,0,SC,S,0,2,jovem_adulto
473,0,3,male,21,0,0,SC,S,0,2,jovem_adulto
474,0,3,male,21,0,0,SC,S,0,2,jovem_adulto
475,1,1,female,21,0,0,D,S,0,2,jovem_adulto
476,0,3,male,21,0,0,SC,S,0,2,jovem_adulto
477,0,3,male,21,0,0,SC,S,0,2,jovem_adulto
478,1,1,female,21,2,2,B,C,4,2,jovem_adulto
479,0,3,male,21,0,0,SC,S,0,2,jovem_adulto
480,0,2,male,21,1,0,SC,S,1,2,jovem_adulto
481,0,3,female,18,2,0,SC,S,2,2,jovem_adulto
482,0,3,female,18,1,0,SC,S,1,2,jovem_adulto
483,1,3,female,18,0,0,SC,Q,0,2,jovem_adulto
484,0,2,male,18,0,0,SC,S,0,2,jovem_adulto
485,0,3,male,18,1,1,SC,S,2,2,jovem_adulto
486,0,3,female,18,8,2,SC,S,10,2,jovem_adulto
487,1,3,male,18,0,0,SC,S,0,2,jovem_adulto
488,0,2,male,18,0,0,SC,S,0,2,jovem_adulto
489,1,1,female,18,2,2,B,C,4,2,jovem_adulto
490,0,3,male,18,1,0,SC,S,1,2,jovem_adulto
491,0,2,male,18,0,0,SC,S,0,2,jovem_adulto
492,1,2,female,18,0,2,SC,S,2,2,jovem_adulto
493,0,3,male,18,1,1,SC,S,2,2,jovem_adulto
494,0,1,male,18,1,0,C,C,1,2,jovem_adulto
495,1,1,female,18,0,2,E,S,2,2,jovem_adulto
496,1,2,female,18,0,1,SC,S,1,2,jovem_adulto
497,0,3,female,18,0,0,SC,Q,0,2,jovem_adulto
498,0,3,male,18,0,0,SC,S,0,2,jovem_adulto
499,1,3,female,18,0,0,SC,S,0,2,jovem_adulto
500,0,3,male,18,0,0,SC,S,0,2,jovem_adulto
501,1,1,female,18,1,0,C,C,1,2,jovem_adulto
502,0,3,female,18,0,1,SC,C,1,2,jovem_adulto
503,0,2,male,18,0,0,SC,S,0,2,jovem_adulto
504,0,3,male,18,0,0,SC,S,0,2,jovem_adulto
505,1,3,female,18,0,0,SC,S,0,2,jovem_adulto
506,0,3,female,18,0,0,SC,S,0,2,jovem_adulto
507,0,3,male,18,0,0,SC,S,0,2,jovem_adulto
508,1,3,female,18,0,1,SC,S,1,2,jovem_adulto
509,1,2,female,3,1,2,SC,C,3,0,crianca_adolescente
510,1,2,male,3,1,1,F,S,2,0,crianca_adolescente
511,1,3,male,3,4,2,SC,S,6,0,crianca_adolescente
512,1,3,male,3,1,1,SC,S,2,0,crianca_adolescente
513,0,3,female,3,3,1,SC,S,4,0,crianca_adolescente
514,1,2,male,3,1,1,SC,S,2,0,crianca_adolescente
515,0,3,male,32,0,0,SC,S,0,2,jovem_adulto
516,0,2,male,32,0,0,SC,S,0,2,jovem_adulto
517,1,3,male,32,0,0,SC,S,0,2,jovem_adulto
518,1,3,female,32,1,0,SC,Q,1,2,jovem_adulto
519,0,2,male,32,1,0,SC,C,1,2,jovem_adulto
520,1,2,female,32,0,0,E,S,0,2,jovem_adulto
521,1,3,female,32,1,0,SC,Q,1,2,jovem_adulto
522,1,2,female,32,0,0,SC,S,0,2,jovem_adulto
523,0,3,male,32,1,0,SC,S,1,2,jovem_adulto
524,1,1,female,32,0,0,D,C,0,2,jovem_adulto
525,1,3,female,32,1,0,SC,Q,1,2,jovem_adulto
526,1,1,male,32,0,0,C,S,0,2,jovem_adulto
527,0,3,male,32,0,0,SC,S,0,2,jovem_adulto
528,0,3,female,32,3,1,SC,S,4,2,jovem_adulto
529,1,3,male,32,0,0,E,S,0,2,jovem_adulto
530,0,3,male,32,0,0,SC,S,0,2,jovem_adulto
531,1,2,male,32,1,0,SC,S,1,2,jovem_adulto
532,1,3,male,32,0,0,SC,S,0,2,jovem_adulto
533,1,3,male,32,0,0,SC,S,0,2,jovem_adulto
534,1,1,male,32,0,0,B,C,0,2,jovem_adulto
535,0,3,male,32,0,0,SC,S,0,2,jovem_adulto
536,0,3,male,32,0,0,SC,S,0,2,jovem_adulto
537,0,3,female,32,1,1,SC,Q,2,2,jovem_adulto
538,0,2,male,32,2,0,SC,S,2,2,jovem_adulto
539,1,3,female,32,0,0,SC,Q,0,2,jovem_adulto
540,1,1,male,32,0,0,D,S,0,2,jovem_adulto
541,0,3,male,32,0,0,SC,S,0,2,jovem_adulto
542,1,3,male,32,0,0,SC,S,0,2,jovem_adulto
543,0,3,male,32,0,0,SC,Q,0,2,jovem_adulto
544,0,3,male,44,1,0,SC,Q,1,1,adulto_idoso
545,0,3,male,44,0,1,SC,S,1,1,adulto_idoso
546,0,2,male,44,0,0,SC,C,0,1,adulto_idoso
547,1,1,female,44,0,0,B,C,0,1,adulto_idoso
548,0,2,male,44,1,0,SC,S,1,1,adulto_idoso
549,0,1,male,44,2,0,C,Q,2,1,adulto_idoso
550,0,3,male,44,0,0,SC,C,0,1,adulto_idoso
551,0,3,male,44,1,0,SC,Q,1,1,adulto_idoso
552,1,3,male,44,0,0,SC,S,0,1,adulto_idoso
553,0,3,female,44,0,0,SC,S,0,1,adulto_idoso
554,1,1,female,44,0,1,B,C,1,1,adulto_idoso
555,0,3,male,44,0,0,SC,S,0,1,adulto_idoso
556,0,3,male,44,0,0,SC,S,0,1,adulto_idoso
557,0,3,male,44,0,0,SC,S,0,1,adulto_idoso
558,0,2,female,44,1,0,SC,S,1,1,adulto_idoso
559,1,3,female,16,0,0,SC,Q,0,2,jovem_adulto
560,0,3,female,16,5,2,SC,S,7,2,jovem_adulto
561,0,3,male,16,1,3,SC,S,4,2,jovem_adulto
562,0,3,male,16,0,0,SC,S,0,2,jovem_adulto
563,1,3,female,16,0,0,SC,Q,0,2,jovem_adulto
564,1,3,female,16,0,0,SC,Q,0,2,jovem_adulto
565,1,3,male,16,0,0,SC,S,0,2,jovem_adulto
566,0,3,male,16,4,1,SC,S,5,2,jovem_adulto
567,0,3,male,16,0,0,SC,S,0,2,jovem_adulto
568,1,3,female,16,0,0,SC,Q,0,2,jovem_adulto
569,1,1,female,16,0,1,B,C,1,2,jovem_adulto
570,0,3,male,16,2,0,SC,S,2,2,jovem_adulto
571,1,1,female,16,0,0,B,S,0,2,jovem_adulto
572,0,3,male,16,0,0,SC,S,0,2,jovem_adulto
573,0,3,male,16,1,1,SC,S,2,2,jovem_adulto
574,0,3,male,16,0,0,SC,S,0,2,jovem_adulto
575,0,2,male,16,0,0,SC,S,0,2,jovem_adulto
576,0,2,male,16,0,0,SC,S,0,2,jovem_adulto
577,1,1,female,16,0,1,D,S,1,2,jovem_adulto
578,0,3,female,16,8,2,SC,S,10,2,jovem_adulto
579,0,3,male,7,4,1,SC,S,5,0,crianca_adolescente
580,0,3,male,7,4,1,SC,Q,5,0,crianca_adolescente
581,1,2,female,7,0,2,SC,S,2,0,crianca_adolescente
582,1,1,female,49,1,0,D,C,1,1,adulto_idoso
583,1,1,male,49,1,0,C,C,1,1,adulto_idoso
584,0,3,male,49,0,0,SC,S,0,1,adulto_idoso
585,1,1,male,49,1,0,A,C,1,1,adulto_idoso
586,0,1,male,49,1,1,C,C,2,1,adulto_idoso
587,1,1,female,49,0,0,D,S,0,1,adulto_idoso
588,1,2,female,29,1,0,SC,S,1,2,jovem_adulto
589,1,2,female,29,0,0,F,S,0,2,jovem_adulto
590,1,3,male,29,0,0,SC,S,0,2,jovem_adulto
591,0,3,male,29,0,0,SC,S,0,2,jovem_adulto
592,0,2,male,29,1,0,SC,S,1,2,jovem_adulto
593,1,2,female,29,1,0,SC,S,1,2,jovem_adulto
594,0,3,male,29,0,0,SC,S,0,2,jovem_adulto
595,0,3,male,29,8,2,SC,S,10,2,jovem_adulto
596,0,3,male,29,0,0,SC,S,0,2,jovem_adulto
597,0,2,male,29,0,0,SC,S,0,2,jovem_adulto
598,0,3,female,29,1,1,G,S,2,2,jovem_adulto
599,1,3,female,29,0,2,SC,C,2,2,jovem_adulto
600,0,1,male,29,1,0,C,S,1,2,jovem_adulto
601,0,2,male,29,1,0,SC,C,1,2,jovem_adulto
602,0,3,male,29,0,0,SC,S,0,2,jovem_adulto
603,0,3,male,29,0,0,SC,Q,0,2,jovem_adulto
604,1,3,male,29,0,0,SC,C,0,2,jovem_adulto
605,0,3,male,29,1,0,SC,S,1,2,jovem_adulto
606,0,2,male,29,0,0,SC,S,0,2,jovem_adulto
607,1,1,male,29,0,0,SC,S,0,2,jovem_adulto
608,1,3,male,29,0,0,SC,Q,0,2,jovem_adulto
609,0,3,male,29,0,0,SC,S,0,2,jovem_adulto
610,0,3,male,29,0,0,SC,Q,0,2,jovem_adulto
611,0,3,female,29,0,4,SC,S,4,2,jovem_adulto
612,0,3,male,29,0,0,SC,S,0,2,jovem_adulto
613,0,3,male,29,0,0,SC,S,0,2,jovem_adulto
614,1,1,female,29,0,0,B,S,0,2,jovem_adulto
615,0,3,male,29,0,0,F,Q,0,2,jovem_adulto
616,0,1,male,29,0,0,D,S,0,2,jovem_adulto
617,1,1,male,29,0,0,C,C,0,2,jovem_adulto
618,0,1,male,65,0,1,B,C,1,1,adulto_idoso
619,0,3,male,65,0,0,SC,Q,0,1,adulto_idoso
620,0,1,male,65,0,0,E,S,0,1,adulto_idoso
621,1,2,female,5,1,2,SC,S,3,0,crianca_adolescente
622,0,3,male,5,8,2,SC,S,10,0,crianca_adolescente
623,1,3,female,5,4,2,SC,S,6,0,crianca_adolescente
624,1,3,female,5,2,1,SC,C,3,0,crianca_adolescente
625,1,3,female,5,0,0,SC,S,0,0,crianca_adolescente
626,0,3,male,11,5,2,SC,S,7,0,crianca_adolescente
627,0,3,female,11,4,2,SC,S,6,0,crianca_adolescente
628,1,3,female,11,0,0,SC,Q,0,0,crianca_adolescente
629,0,3,female,11,0,2,SC,Q,2,0,crianca_adolescente
630,0,3,male,11,0,0,SC,C,0,0,crianca_adolescente
631,1,1,male,11,1,2,B,S,3,0,crianca_adolescente
632,0,1,male,45,1,0,C,S,1,1,adulto_idoso
633,0,3,male,45,0,0,SC,S,0,1,adulto_idoso
634,0,3,female,45,1,4,SC,S,5,1,adulto_idoso
635,1,1,male,45,0,0,SC,S,0,1,adulto_idoso
636,0,3,male,45,0,0,SC,C,0,1,adulto_idoso
637,0,3,female,45,0,0,SC,S,0,1,adulto_idoso
638,0,1,male,45,0,0,C,S,0,1,adulto_idoso
639,1,3,male,45,0,0,SC,S,0,1,adulto_idoso
640,0,1,male,45,0,0,T,S,0,1,adulto_idoso
641,0,3,female,45,0,1,SC,C,1,1,adulto_idoso
642,1,2,female,45,1,1,SC,S,2,1,adulto_idoso
643,0,1,male,45,0,0,B,S,0,1,adulto_idoso
644,1,2,female,45,0,0,SC,S,0,1,adulto_idoso
645,1,1,female,45,1,1,SC,S,2,1,adulto_idoso
646,1,3,male,6,1,1,SC,C,2,0,crianca_adolescente
647,1,3,male,6,1,1,SC,C,2,0,crianca_adolescente
648,1,2,female,6,0,1,SC,S,1,0,crianca_adolescente
649,1,3,male,6,0,1,E,S,1,0,crianca_adolescente
650,0,3,female,6,4,2,SC,S,6,0,crianca_adolescente
651,1,3,female,17,4,2,SC,S,6,2,jovem_adulto
652,1,2,female,17,0,0,SC,S,0,2,jovem_adulto
653,0,3,female,17,0,0,SC,C,0,2,jovem_adulto
654,0,3,male,17,0,0,SC,S,0,2,jovem_adulto
655,1,2,female,17,0,0,E,Q,0,2,jovem_adulto
656,1,1,female,17,1,0,C,C,1,2,jovem_adulto
657,1,2,female,17,0,0,SC,C,0,2,jovem_adulto
658,0,3,male,17,0,0,SC,S,0,2,jovem_adulto
659,0,3,male,17,0,0,SC,S,0,2,jovem_adulto
660,0,3,male,17,1,1,SC,C,2,2,jovem_adulto
661,1,1,male,17,0,2,C,C,2,2,jovem_adulto
662,1,3,female,17,1,0,SC,Q,1,2,jovem_adulto
663,0,3,male,17,1,0,SC,S,1,2,jovem_adulto
664,1,1,female,17,1,0,B,S,1,2,jovem_adulto
665,0,3,male,17,0,0,SC,S,0,2,jovem_adulto
666,0,3,male,25,0,0,F,S,0,2,jovem_adulto
667,0,2,male,25,0,0,SC,S,0,2,jovem_adulto
668,0,3,female,25,0,0,SC,S,0,2,jovem_adulto
669,1,3,male,25,1,0,SC,S,1,2,jovem_adulto
670,1,3,male,25,0,0,SC,S,0,2,jovem_adulto
671,0,2,male,25,0,0,SC,S,0,2,jovem_adulto
672,0,3,male,25,1,0,SC,S,1,2,jovem_adulto
673,1,1,male,25,1,0,E,C,1,2,jovem_adulto
674,0,3,male,25,1,0,SC,S,1,2,jovem_adulto
675,0,3,male,25,0,0,SC,S,0,2,jovem_adulto
676,0,1,male,25,0,0,A,S,0,2,jovem_adulto
677,1,1,male,25,1,0,B,C,1,2,jovem_adulto
678,0,1,female,25,1,2,C,S,3,2,jovem_adulto
679,1,2,female,25,1,1,SC,S,2,2,jovem_adulto
680,0,2,male,25,0,0,SC,S,0,2,jovem_adulto
681,0,2,male,25,1,2,SC,C,3,2,jovem_adulto
682,0,3,male,25,0,0,SC,C,0,2,jovem_adulto
683,0,3,male,25,0,0,SC,Q,0,2,jovem_adulto
684,0,2,male,25,1,0,SC,S,1,2,jovem_adulto
685,0,3,female,25,1,0,SC,S,1,2,jovem_adulto
686,0,3,male,25,0,0,SC,S,0,2,jovem_adulto
687,0,3,male,25,0,0,SC,S,0,2,jovem_adulto
688,0,3,male,25,0,0,SC,S,0,2,jovem_adulto
689,0,3,male,25,0,0,SC,Q,0,2,jovem_adulto
690,1,2,female,25,0,1,SC,S,1,2,jovem_adulto
691,0,3,male,25,0,0,SC,S,0,2,jovem_adulto
692,1,2,male,0,0,2,SC,S,2,0,crianca_adolescente
693,1,1,male,0,1,2,C,S,3,0,crianca_adolescente
694,1,3,female,0,2,1,SC,C,3,0,crianca_adolescente
695,1,3,female,0,2,1,SC,C,3,0,crianca_adolescente
696,1,2,male,0,1,1,SC,S,2,0,crianca_adolescente
697,1,3,male,0,0,1,SC,C,1,0,crianca_adolescente
698,1,2,male,0,1,1,SC,S,2,0,crianca_adolescente
699,1,3,female,30,0,0,SC,S,0,2,jovem_adulto
700,0,3,male,30,0,0,SC,S,0,2,jovem_adulto
701,0,2,male,30,0,0,SC,S,0,2,jovem_adulto
702,0,2,male,30,0,0,SC,S,0,2,jovem_adulto
703,0,2,male,30,0,0,SC,S,0,2,jovem_adulto
704,0,3,male,30,0,0,SC,C,0,2,jovem_adulto
705,0,3,male,30,1,0,SC,S,1,2,jovem_adulto
706,1,1,female,30,0,0,B,S,0,2,jovem_adulto
707,1,3,male,30,0,0,SC,S,0,2,jovem_adulto
708,0,2,male,30,1,0,SC,C,1,2,jovem_adulto
709,1,1,female,30,0,0,E,C,0,2,jovem_adulto
710,1,2,female,30,0,0,SC,Q,0,2,jovem_adulto
711,1,3,female,30,0,0,SC,Q,0,2,jovem_adulto
712,0,3,male,30,0,0,SC,S,0,2,jovem_adulto
713,0,2,male,30,0,0,SC,S,0,2,jovem_adulto
714,0,1,male,30,0,0,C,C,0,2,jovem_adulto
715,0,3,male,30,0,0,SC,S,0,2,jovem_adulto
716,0,3,female,30,0,0,SC,Q,0,2,jovem_adulto
717,1,1,female,30,0,0,B,S,0,2,jovem_adulto
718,0,3,male,30,0,0,SC,C,0,2,jovem_adulto
719,0,3,female,30,0,0,SC,S,0,2,jovem_adulto
720,1,1,female,30,0,0,SC,C,0,2,jovem_adulto
721,0,3,female,30,0,0,SC,S,0,2,jovem_adulto
722,0,3,male,30,0,0,SC,S,0,2,jovem_adulto
723,0,3,male,30,0,0,SC,Q,0,2,jovem_adulto
724,1,2,female,30,3,0,SC,S,3,2,jovem_adulto
725,1,2,female,30,0,0,SC,S,0,2,jovem_adulto
726,0,3,female,30,0,0,SC,Q,0,2,jovem_adulto
727,0,3,male,30,0,0,SC,C,0,2,jovem_adulto
728,0,3,female,30,1,1,SC,S,2,2,jovem_adulto
729,0,3,male,30,0,0,SC,S,0,2,jovem_adulto
730,1,1,female,30,0,0,SC,C,0,2,jovem_adulto
731,0,3,male,30,0,0,SC,C,0,2,jovem_adulto
732,0,3,male,41,0,0,SC,S,0,2,jovem_adulto
733,0,3,male,41,0,0,SC,Q,0,2,jovem_adulto
734,0,3,male,41,0,0,SC,S,0,2,jovem_adulto
735,0,3,female,41,0,2,SC,S,2,2,jovem_adulto
736,1,2,female,41,0,1,SC,S,1,2,jovem_adulto
737,1,1,female,41,0,0,E,C,0,2,jovem_adulto
738,0,3,male,41,0,0,SC,S,0,2,jovem_adulto
739,1,3,female,41,1,0,SC,S,1,2,jovem_adulto
740,0,3,male,41,0,0,SC,S,0,2,jovem_adulto
741,0,2,male,41,0,0,SC,S,0,2,jovem_adulto
742,0,3,male,41,0,0,SC,C,0,2,jovem_adulto
743,0,3,female,41,0,5,SC,S,5,2,jovem_adulto
744,0,2,male,41,0,0,SC,S,0,2,jovem_adulto
745,0,3,male,41,0,0,SC,S,0,2,jovem_adulto
746,0,3,male,41,0,0,SC,S,0,2,jovem_adulto
747,0,1,male,41,0,0,B,S,0,2,jovem_adulto
748,0,3,male,41,2,0,SC,S,2,2,jovem_adulto
749,0,1,male,46,1,0,E,S,1,1,adulto_idoso
750,0,2,male,46,0,0,SC,S,0,1,adulto_idoso
751,0,1,male,46,0,0,B,C,0,1,adulto_idoso
752,0,3,male,59,0,0,SC,S,0,1,adulto_idoso
753,0,2,male,59,0,0,SC,S,0,1,adulto_idoso
754,0,1,male,71,0,0,A,C,0,1,adulto_idoso
755,0,1,male,71,0,0,SC,C,0,1,adulto_idoso
756,0,3,male,37,2,0,SC,S,2,2,jovem_adulto
757,0,3,male,37,0,0,SC,S,0,2,jovem_adulto
758,0,1,male,37,1,0,C,S,1,2,jovem_adulto
759,0,3,male,37,1,0,SC,Q,1,2,jovem_adulto
760,1,1,male,37,1,1,D,S,2,2,jovem_adulto
761,0,1,male,37,0,1,C,C,1,2,jovem_adulto
762,0,3,male,37,0,0,SC,S,0,2,jovem_adulto
763,0,3,male,37,0,0,SC,S,0,2,jovem_adulto
764,0,3,male,37,0,0,SC,Q,0,2,jovem_adulto
765,0,3,female,37,0,0,SC,S,0,2,jovem_adulto
766,0,3,male,37,0,0,SC,C,0,2,jovem_adulto
767,0,3,male,37,0,0,SC,S,0,2,jovem_adulto
768,0,3,female,37,1,0,SC,C,1,2,jovem_adulto
769,0,2,male,37,1,0,SC,S,1,2,jovem_adulto
770,0,3,male,37,0,0,SC,S,0,2,jovem_adulto
771,0,1,male,47,0,0,C,S,0,1,adulto_idoso
772,0,3,female,47,1,0,SC,S,1,1,adulto_idoso
773,0,1,male,47,0,0,E,S,0,1,adulto_idoso
774,0,1,male,47,0,0,D,S,0,1,adulto_idoso
775,0,2,male,47,0,0,SC,S,0,1,adulto_idoso
776,0,3,male,47,0,0,SC,S,0,1,adulto_idoso
777,0,1,male,47,0,0,E,S,0,1,adulto_idoso
778,1,1,female,47,1,1,D,S,2,1,adulto_idoso
779,0,3,male,47,0,0,SC,S,0,1,adulto_idoso
780,0,3,male,70,0,0,SC,Q,0,1,adulto_idoso
781,0,2,male,70,0,0,SC,S,0,1,adulto_idoso
782,0,1,male,70,1,1,B,S,2,1,adulto_idoso
783,1,3,female,13,1,1,F,C,2,0,crianca_adolescente
784,1,2,female,13,0,1,SC,S,1,0,crianca_adolescente
785,1,2,female,13,0,0,SC,S,0,0,crianca_adolescente
786,1,3,female,13,0,0,SC,Q,0,0,crianca_adolescente
787,1,3,female,13,0,0,SC,C,0,0,crianca_adolescente
788,0,3,female,9,2,2,SC,S,4,0,crianca_adolescente
789,1,3,male,9,0,2,SC,S,2,0,crianca_adolescente
790,0,3,male,9,4,2,SC,S,6,0,crianca_adolescente
791,1,3,female,9,0,0,SC,Q,0,0,crianca_adolescente
792,0,3,male,9,5,2,SC,S,7,0,crianca_adolescente
793,1,3,male,9,1,1,SC,S,2,0,crianca_adolescente
794,0,3,female,9,4,2,SC,S,6,0,crianca_adolescente
795,0,3,female,9,3,2,SC,S,5,0,crianca_adolescente
796,0,3,female,9,1,1,SC,C,2,0,crianca_adolescente
797,0,2,male,36,0,2,F,S,2,2,jovem_adulto
798,0,3,male,36,0,0,SC,S,0,2,jovem_adulto
799,0,3,male,36,0,0,SC,S,0,2,jovem_adulto
800,0,2,male,36,0,0,SC,S,0,2,jovem_adulto
801,0,2,male,36,0,0,D,C,0,2,jovem_adulto
802,1,1,female,36,0,0,C,C,0,2,jovem_adulto
803,1,2,female,36,0,0,D,S,0,2,jovem_adulto
804,0,3,male,36,0,0,SC,S,0,2,jovem_adulto
805,0,2,male,36,0,0,SC,S,0,2,jovem_adulto
806,1,2,female,36,0,0,SC,S,0,2,jovem_adulto
807,1,1,male,36,1,2,B,S,3,2,jovem_adulto
808,0,2,male,36,1,2,SC,S,3,2,jovem_adulto
809,1,1,male,36,0,0,E,S,0,2,jovem_adulto
810,1,2,female,36,1,0,SC,S,1,2,jovem_adulto
811,1,1,female,36,0,2,B,S,2,2,jovem_adulto
812,1,3,female,36,1,0,SC,S,1,2,jovem_adulto
813,1,1,male,36,0,0,E,S,0,2,jovem_adulto
814,0,1,male,36,0,0,A,C,0,2,jovem_adulto
815,0,3,male,36,1,1,SC,S,2,2,jovem_adulto
816,0,3,male,36,1,0,SC,S,1,2,jovem_adulto
817,0,3,male,36,0,0,SC,S,0,2,jovem_adulto
818,1,1,female,36,1,0,C,S,1,2,jovem_adulto
819,1,1,male,36,0,1,B,C,1,2,jovem_adulto
820,0,1,male,36,1,0,C,S,1,2,jovem_adulto
821,1,1,female,36,1,2,B,S,3,2,jovem_adulto
822,1,3,male,36,0,0,SC,Q,0,2,jovem_adulto
823,0,3,male,36,0,0,SC,S,0,2,jovem_adulto
824,0,2,male,51,0,0,SC,S,0,1,adulto_idoso
825,0,1,male,51,0,1,SC,C,1,1,adulto_idoso
826,0,3,male,51,0,0,SC,S,0,1,adulto_idoso
827,0,3,male,51,0,0,SC,S,0,1,adulto_idoso
828,0,3,male,51,0,0,SC,S,0,1,adulto_idoso
829,1,1,female,51,1,0,D,S,1,1,adulto_idoso
830,1,1,male,51,0,0,E,S,0,1,adulto_idoso
831,0,3,male,1,4,1,SC,S,5,0,crianca_adolescente
832,1,3,female,1,1,1,SC,S,2,0,crianca_adolescente
833,0,3,male,1,3,1,SC,S,4,0,crianca_adolescente
834,1,2,male,1,2,1,F,S,3,0,crianca_adolescente
835,1,3,female,1,0,2,SC,C,2,0,crianca_adolescente
836,0,3,male,1,5,2,SC,S,7,0,crianca_adolescente
837,1,3,male,1,1,2,SC,S,3,0,crianca_adolescente
838,1,2,male,1,0,2,SC,C,2,0,crianca_adolescente
839,0,1,male,61,0,0,B,S,0,1,adulto_idoso
840,0,3,male,61,0,0,SC,S,0,1,adulto_idoso
841,0,1,male,61,0,0,D,S,0,1,adulto_idoso
842,0,1,male,56,0,0,A,C,0,1,adulto_idoso
843,0,1,male,56,0,0,SC,S,0,1,adulto_idoso
844,1,1,male,56,0,0,A,C,0,1,adulto_idoso
845,1,1,female,56,0,1,C,C,1,1,adulto_idoso
846,0,1,female,50,0,0,C,C,0,1,adulto_idoso
847,1,2,female,50,0,1,SC,S,1,1,adulto_idoso
848,1,1,female,50,0,1,B,C,1,1,adulto_idoso
849,0,1,male,50,1,0,E,S,1,1,adulto_idoso
850,1,2,female,50,0,0,SC,S,0,1,adulto_idoso
851,0,3,male,50,0,0,SC,S,0,1,adulto_idoso
852,1,2,female,50,0,0,SC,S,0,1,adulto_idoso
853,0,1,male,50,1,0,C,C,1,1,adulto_idoso
854,1,1,male,50,2,0,SC,S,2,1,adulto_idoso
855,0,2,male,50,0,0,SC,S,0,1,adulto_idoso
856,0,1,male,62,0,0,C,S,0,1,adulto_idoso
857,0,1,male,62,0,0,SC,S,0,1,adulto_idoso
858,1,2,male,62,0,0,SC,S,0,1,adulto_idoso
859,1,1,female,62,0,0,B,S,0,1,adulto_idoso
860,0,1,male,52,1,1,E,S,2,1,adulto_idoso
861,1,1,male,52,0,0,C,S,0,1,adulto_idoso
862,1,1,female,52,1,0,D,C,1,1,adulto_idoso
863,0,2,male,52,0,0,SC,S,0,1,adulto_idoso
864,0,2,male,52,0,0,SC,S,0,1,adulto_idoso
865,1,1,female,52,1,1,B,S,2,1,adulto_idoso
866,1,1,female,63,1,0,D,S,1,1,adulto_idoso
867,1,3,female,63,0,0,SC,S,0,1,adulto_idoso
868,1,1,female,60,1,0,D,C,1,1,adulto_idoso
869,1,1,male,60,1,1,B,C,2,1,adulto_idoso
870,0,2,male,60,1,1,SC,S,2,1,adulto_idoso
871,0,1,male,60,0,0,SC,S,0,1,adulto_idoso
872,0,3,female,10,0,2,SC,S,2,0,crianca_adolescente
873,0,3,male,10,3,2,SC,S,5,0,crianca_adolescente
874,0,3,female,10,1,2,SC,S,3,0,crianca_adolescente
875,0,1,male,64,1,4,C,S,5,1,adulto_idoso
876,0,1,male,64,0,0,SC,S,0,1,adulto_idoso
877,1,1,male,48,0,0,E,S,0,1,adulto_idoso
878,0,2,male,48,0,0,SC,S,0,1,adulto_idoso
879,1,1,female,48,1,0,A,C,1,1,adulto_idoso
880,1,1,male,48,1,0,D,C,1,1,adulto_idoso
881,1,1,male,48,1,0,C,S,1,1,adulto_idoso
882,0,3,female,48,1,3,SC,S,4,1,adulto_idoso
883,1,2,female,48,1,2,SC,S,3,1,adulto_idoso
884,0,3,male,48,0,0,SC,S,0,1,adulto_idoso
885,1,1,female,48,0,0,D,S,0,1,adulto_idoso
886,1,1,female,53,2,0,C,S,2,1,adulto_idoso
887,0,2,male,57,0,0,SC,Q,0,1,adulto_idoso
888,0,2,female,57,0,0,E,S,0,1,adulto_idoso
889,1,1,male,80,0,0,A,S,0,1,adulto_idoso
890,0,3,male,74,0,0,SC,S,0,1,adulto_idoso
