,Survived,Pclass,Sex,Age,SibSp,Parch,Floor,Relateds,faixa_etaria,acompanhado,possui_cabine
0,0,3,male,22,1,0,SC,1,adulto_idoso,True,False
1,1,1,female,38,1,0,C,1,adulto_idoso,True,True
2,1,3,female,26,0,0,SC,0,adulto_idoso,False,False
3,1,1,female,35,1,0,C,1,adulto_idoso,True,True
4,0,3,male,35,0,0,SC,0,adulto_idoso,False,False
5,0,3,male,38,0,0,SC,0,adulto_idoso,False,False
6,0,1,male,54,0,0,E,0,crianca_adolescente,False,True
7,0,3,male,2,3,1,SC,4,jovem_adulto,True,False
8,1,3,female,27,0,2,SC,2,adulto_idoso,True,False
9,1,2,female,14,1,0,SC,1,jovem_adulto,True,False
10,1,3,female,4,1,1,G,2,jovem_adulto,True,True
11,1,1,female,58,0,0,C,0,crianca_adolescente,False,True
12,0,3,male,20,0,0,SC,0,adulto_idoso,False,False
13,0,3,male,39,1,5,SC,6,adulto_idoso,True,False
14,0,3,female,14,0,0,SC,0,jovem_adulto,False,False
15,1,2,female,55,0,0,SC,0,crianca_adolescente,False,False
16,0,3,male,2,4,1,SC,5,jovem_adulto,True,False
17,1,2,male,24,0,0,SC,0,adulto_idoso,False,False
18,0,3,female,31,1,0,SC,1,adulto_idoso,True,False
19,1,3,female,43,0,0,SC,0,adulto_idoso,False,False
20,0,2,male,35,0,0,SC,0,adulto_idoso,False,False
21,1,2,male,34,0,0,D,0,adulto_idoso,False,True
22,1,3,female,15,0,0,SC,0,jovem_adulto,False,False
23,1,1,male,28,0,0,A,0,adulto_idoso,False,True
24,0,3,female,8,3,1,SC,4,jovem_adulto,True,False
25,1,3,female,38,1,5,SC,6,adulto_idoso,True,False
26,0,3,male,44,0,0,SC,0,adulto_idoso,False,False
27,0,1,male,19,3,2,C,5,adulto_idoso,True,True
28,1,3,female,26,0,0,SC,0,adulto_idoso,False,False
29,0,3,male,27,0,0,SC,0,adulto_idoso,False,False
30,0,1,male,40,0,0,SC,0,adulto_idoso,False,False
31,1,1,female,29,1,0,B,1,adulto_idoso,True,True
32,1,3,female,28,0,0,SC,0,adulto_idoso,False,False
33,0,2,male,66,0,0,SC,0,crianca_adolescente,False,False
34,0,1,male,28,1,0,SC,1,adulto_idoso,True,False
35,0,1,male,42,1,0,SC,1,adulto_idoso,True,False
36,1,3,male,30,0,0,SC,0,adulto_idoso,False,False
37,0,3,male,21,0,0,SC,0,adulto_idoso,False,False
38,0,3,female,18,2,0,SC,2,adulto_idoso,True,False
39,1,3,female,14,1,0,SC,1,jovem_adulto,True,False
40,0,3,female,40,1,0,SC,1,adulto_idoso,True,False
41,0,2,female,27,1,0,SC,1,adulto_idoso,True,False
42,0,3,male,32,0,0,SC,0,adulto_idoso,False,False
43,1,2,female,3,1,2,SC,3,jovem_adulto,True,False
44,1,3,female,19,0,0,SC,0,adulto_idoso,False,False
45,0,3,male,38,0,0,SC,0,adulto_idoso,False,False
46,0,3,male,33,1,0,SC,1,adulto_idoso,True,False
47,1,3,female,32,0,0,SC,0,adulto_idoso,False,False
48,0,3,male,21,2,0,SC,2,adulto_idoso,True,False
49,0,3,female,18,1,0,SC,1,adulto_idoso,True,False
50,0,3,male,7,4,1,SC,5,jovem_adulto,True,False
51,0,3,male,21,0,0,SC,0,adulto_idoso,False,False
52,1,1,female,49,1,0,D,1,crianca_adolescente,True,True
53,1,2,female,29,1,0,SC,1,adulto_idoso,True,False
54,0,1,male,65,0,1,B,1,crianca_adolescente,True,True
55,1,1,male,37,0,0,C,0,adulto_idoso,False,True
56,1,2,female,21,0,0,SC,0,adulto_idoso,False,False
57,0,3,male,28,0,0,SC,0,adulto_idoso,False,False
58,1,2,female,5,1,2,SC,3,jovem_adulto,True,False
59,0,3,male,11,5,2,SC,7,jovem_adulto,True,False
60,0,3,male,22,0,0,SC,0,adulto_idoso,False,False
61,1,1,female,38,0,0,B,0,adulto_idoso,False,True
62,0,1,male,45,1,0,C,1,crianca_adolescente,True,True
63,0,3,male,4,3,2,SC,5,jovem_adulto,True,False
64,0,1,male,26,0,0,SC,0,adulto_idoso,False,False
65,1,3,male,2,1,1,SC,2,jovem_adulto,True,False
66,1,2,female,29,0,0,F,0,adulto_idoso,False,True
67,0,3,male,19,0,0,SC,0,adulto_idoso,False,False
68,1,3,female,17,4,2,SC,6,jovem_adulto,True,False
69,0,3,male,26,2,0,SC,2,adulto_idoso,True,False
70,0,2,male,32,0,0,SC,0,adulto_idoso,False,False
71,0,3,female,16,5,2,SC,7,jovem_adulto,True,False
72,0,2,male,21,0,0,SC,0,adulto_idoso,False,False
73,0,3,male,26,1,0,SC,1,adulto_idoso,True,False
74,1,3,male,32,0,0,SC,0,adulto_idoso,False,False
75,0,3,male,25,0,0,F,0,adulto_idoso,False,True
76,0,3,male,32,0,0,SC,0,adulto_idoso,False,False
77,0,3,male,27,0,0,SC,0,adulto_idoso,False,False
78,1,2,male,0,0,2,SC,2,jovem_adulto,True,False
79,1,3,female,30,0,0,SC,0,adulto_idoso,False,False
80,0,3,male,22,0,0,SC,0,adulto_idoso,False,False
81,1,3,male,29,0,0,SC,0,adulto_idoso,False,False
82,1,3,female,9,0,0,SC,0,jovem_adulto,False,False
83,0,1,male,28,0,0,SC,0,adulto_idoso,False,False
84,1,2,female,17,0,0,SC,0,jovem_adulto,False,False
85,1,3,female,33,3,0,SC,3,adulto_idoso,True,False
86,0,3,male,16,1,3,SC,4,jovem_adulto,True,False
87,0,3,male,36,0,0,SC,0,adulto_idoso,False,False
88,1,1,female,23,3,2,C,5,adulto_idoso,True,True
89,0,3,male,24,0,0,SC,0,adulto_idoso,False,False
90,0,3,male,29,0,0,SC,0,adulto_idoso,False,False
91,0,3,male,20,0,0,SC,0,adulto_idoso,False,False
92,0,1,male,46,1,0,E,1,crianca_adolescente,True,True
93,0,3,male,26,1,2,SC,3,adulto_idoso,True,False
94,0,3,male,59,0,0,SC,0,crianca_adolescente,False,False
95,0,3,male,26,0,0,SC,0,adulto_idoso,False,False
96,0,1,male,71,0,0,A,0,crianca_adolescente,False,True
97,1,1,male,23,0,1,D,1,adulto_idoso,True,True
98,1,2,female,34,0,1,SC,1,adulto_idoso,True,False
99,0,2,male,34,1,0,SC,1,adulto_idoso,True,False
100,0,3,female,28,0,0,SC,0,adulto_idoso,False,False
101,0,3,male,31,0,0,SC,0,adulto_idoso,False,False
102,0,1,male,21,0,1,D,1,adulto_idoso,True,True
103,0,3,male,33,0,0,SC,0,adulto_idoso,False,False
104,0,3,male,37,2,0,SC,2,adulto_idoso,True,False
105,0,3,male,28,0,0,SC,0,adulto_idoso,False,False
106,1,3,female,21,0,0,SC,0,adulto_idoso,False,False
107,1,3,male,43,0,0,SC,0,adulto_idoso,False,False
108,0,3,male,38,0,0,SC,0,adulto_idoso,False,False
109,1,3,female,11,1,0,SC,1,jovem_adulto,True,False
110,0,1,male,47,0,0,C,0,crianca_adolescente,False,True
111,0,3,female,14,1,0,SC,1,jovem_adulto,True,False
112,0,3,male,22,0,0,SC,0,adulto_idoso,False,False
113,0,3,female,20,1,0,SC,1,adulto_idoso,True,False
114,0,3,female,17,0,0,SC,0,jovem_adulto,False,False
115,0,3,male,21,0,0,SC,0,adulto_idoso,False,False
116,0,3,male,70,0,0,SC,0,crianca_adolescente,False,False
117,0,2,male,29,1,0,SC,1,adulto_idoso,True,False
118,0,1,male,24,0,1,B,1,adulto_idoso,True,True
119,0,3,female,2,4,2,SC,6,jovem_adulto,True,False
120,0,2,male,21,2,0,SC,2,adulto_idoso,True,False
121,0,3,male,22,0,0,SC,0,adulto_idoso,False,False
122,0,2,male,32,1,0,SC,1,adulto_idoso,True,False
123,1,2,female,32,0,0,E,0,adulto_idoso,False,True
124,0,1,male,54,0,1,D,1,crianca_adolescente,True,True
125,1,3,male,12,1,0,SC,1,jovem_adulto,True,False
126,0,3,male,39,0,0,SC,0,adulto_idoso,False,False
127,1,3,male,24,0,0,SC,0,adulto_idoso,False,False
128,1,3,female,22,1,1,F,2,adulto_idoso,True,True
129,0,3,male,45,0,0,SC,0,crianca_adolescente,False,False
130,0,3,male,33,0,0,SC,0,adulto_idoso,False,False
131,0,3,male,20,0,0,SC,0,adulto_idoso,False,False
132,0,3,female,47,1,0,SC,1,crianca_adolescente,True,False
133,1,2,female,29,1,0,SC,1,adulto_idoso,True,False
134,0,2,male,25,0,0,SC,0,adulto_idoso,False,False
135,0,2,male,23,0,0,SC,0,adulto_idoso,False,False
136,1,1,female,19,0,2,D,2,adulto_idoso,True,True
137,0,1,male,37,1,0,C,1,adulto_idoso,True,True
138,0,3,male,16,0,0,SC,0,jovem_adulto,False,False
139,0,1,male,24,0,0,B,0,adulto_idoso,False,True
140,0,3,female,39,0,2,SC,2,adulto_idoso,True,False
141,1,3,female,22,0,0,SC,0,adulto_idoso,False,False
142,1,3,female,24,1,0,SC,1,adulto_idoso,True,False
143,0,3,male,19,0,0,SC,0,adulto_idoso,False,False
144,0,2,male,18,0,0,SC,0,adulto_idoso,False,False
145,0,2,male,19,1,1,SC,2,adulto_idoso,True,False
146,1,3,male,27,0,0,SC,0,adulto_idoso,False,False
147,0,3,female,9,2,2,SC,4,jovem_adulto,True,False
148,0,2,male,36,0,2,F,2,adulto_idoso,True,True
149,0,2,male,42,0,0,SC,0,adulto_idoso,False,False
150,0,2,male,51,0,0,SC,0,crianca_adolescente,False,False
151,1,1,female,22,1,0,C,1,adulto_idoso,True,True
152,0,3,male,55,0,0,SC,0,crianca_adolescente,False,False
153,0,3,male,40,0,2,SC,2,adulto_idoso,True,False
154,0,3,male,24,0,0,SC,0,adulto_idoso,False,False
155,0,1,male,51,0,1,SC,1,crianca_adolescente,True,False
156,1,3,female,16,0,0,SC,0,jovem_adulto,False,False
157,0,3,male,30,0,0,SC,0,adulto_idoso,False,False
158,0,3,male,36,0,0,SC,0,adulto_idoso,False,False
159,0,3,male,4,8,2,SC,10,jovem_adulto,True,False
160,0,3,male,44,0,1,SC,1,adulto_idoso,True,False
161,1,2,female,40,0,0,SC,0,adulto_idoso,False,False
162,0,3,male,26,0,0,SC,0,adulto_idoso,False,False
163,0,3,male,17,0,0,SC,0,jovem_adulto,False,False
164,0,3,male,1,4,1,SC,5,jovem_adulto,True,False
165,1,3,male,9,0,2,SC,2,jovem_adulto,True,False
166,1,1,female,24,0,1,E,1,adulto_idoso,True,True
167,0,3,female,45,1,4,SC,5,crianca_adolescente,True,False
168,0,1,male,42,0,0,SC,0,adulto_idoso,False,False
169,0,3,male,28,0,0,SC,0,adulto_idoso,False,False
170,0,1,male,61,0,0,B,0,crianca_adolescente,False,True
171,0,3,male,4,4,1,SC,5,jovem_adulto,True,False
172,1,3,female,1,1,1,SC,2,jovem_adulto,True,False
173,0,3,male,21,0,0,SC,0,adulto_idoso,False,False
174,0,1,male,56,0,0,A,0,crianca_adolescente,False,True
175,0,3,male,18,1,1,SC,2,adulto_idoso,True,False
176,0,3,male,2,3,1,SC,4,jovem_adulto,True,False
177,0,1,female,50,0,0,C,0,crianca_adolescente,False,True
178,0,2,male,30,0,0,SC,0,adulto_idoso,False,False
179,0,3,male,36,0,0,SC,0,adulto_idoso,False,False
180,0,3,female,28,8,2,SC,10,adulto_idoso,True,False
181,0,2,male,24,0,0,SC,0,adulto_idoso,False,False
182,0,3,male,9,4,2,SC,6,jovem_adulto,True,False
183,1,2,male,1,2,1,F,3,jovem_adulto,True,True
184,1,3,female,4,0,2,SC,2,jovem_adulto,True,False
185,0,1,male,21,0,0,A,0,adulto_idoso,False,True
186,1,3,female,41,1,0,SC,1,adulto_idoso,True,False
187,1,1,male,45,0,0,SC,0,crianca_adolescente,False,False
188,0,3,male,40,1,1,SC,2,adulto_idoso,True,False
189,0,3,male,36,0,0,SC,0,adulto_idoso,False,False
190,1,2,female,32,0,0,SC,0,adulto_idoso,False,False
191,0,2,male,19,0,0,SC,0,adulto_idoso,False,False
192,1,3,female,19,1,0,SC,1,adulto_idoso,True,False
193,1,2,male,3,1,1,F,2,jovem_adulto,True,True
194,1,1,female,44,0,0,B,0,adulto_idoso,False,True
195,1,1,female,58,0,0,B,0,crianca_adolescente,False,True
196,0,3,male,44,0,0,SC,0,adulto_idoso,False,False
197,0,3,male,42,0,1,SC,1,adulto_idoso,True,False
198,1,3,female,24,0,0,SC,0,adulto_idoso,False,False
199,0,2,female,24,0,0,SC,0,adulto_idoso,False,False
200,0,3,male,28,0,0,SC,0,adulto_idoso,False,False
201,0,3,male,41,8,2,SC,10,adulto_idoso,True,False
202,0,3,male,34,0,0,SC,0,adulto_idoso,False,False
203,0,3,male,45,0,0,SC,0,crianca_adolescente,False,False
204,1,3,male,18,0,0,SC,0,adulto_idoso,False,False
205,0,3,female,2,0,1,G,1,jovem_adulto,True,True
206,0,3,male,32,1,0,SC,1,adulto_idoso,True,False
207,1,3,male,26,0,0,SC,0,adulto_idoso,False,False
208,1,3,female,16,0,0,SC,0,jovem_adulto,False,False
209,1,1,male,40,0,0,A,0,adulto_idoso,False,True
210,0,3,male,24,0,0,SC,0,adulto_idoso,False,False
211,1,2,female,35,0,0,SC,0,adulto_idoso,False,False
212,0,3,male,22,0,0,SC,0,adulto_idoso,False,False
213,0,2,male,30,0,0,SC,0,adulto_idoso,False,False
214,0,3,male,42,1,0,SC,1,adulto_idoso,True,False
215,1,1,female,31,1,0,D,1,adulto_idoso,True,True
216,1,3,female,27,0,0,SC,0,adulto_idoso,False,False
217,0,2,male,42,1,0,SC,1,adulto_idoso,True,False
218,1,1,female,32,0,0,D,0,adulto_idoso,False,True
219,0,2,male,30,0,0,SC,0,adulto_idoso,False,False
220,1,3,male,16,0,0,SC,0,jovem_adulto,False,False
221,0,2,male,27,0,0,SC,0,adulto_idoso,False,False
222,0,3,male,51,0,0,SC,0,crianca_adolescente,False,False
223,0,3,male,28,0,0,SC,0,adulto_idoso,False,False
224,1,1,male,38,1,0,C,1,adulto_idoso,True,True
225,0,3,male,22,0,0,SC,0,adulto_idoso,False,False
226,1,2,male,19,0,0,SC,0,adulto_idoso,False,False
227,0,3,male,20,0,0,SC,0,adulto_idoso,False,False
228,0,2,male,18,0,0,SC,0,adulto_idoso,False,False
229,0,3,female,9,3,1,SC,4,jovem_adulto,True,False
230,1,1,female,35,1,0,C,1,adulto_idoso,True,True
231,0,3,male,29,0,0,SC,0,adulto_idoso,False,False
232,0,2,male,59,0,0,SC,0,crianca_adolescente,False,False
233,1,3,female,5,4,2,SC,6,jovem_adulto,True,False
234,0,2,male,24,0,0,SC,0,adulto_idoso,False,False
235,0,3,female,14,0,0,SC,0,jovem_adulto,False,False
236,0,2,male,44,1,0,SC,1,adulto_idoso,True,False
237,1,2,female,8,0,2,SC,2,jovem_adulto,True,False
238,0,2,male,19,0,0,SC,0,adulto_idoso,False,False
239,0,2,male,33,0,0,SC,0,adulto_idoso,False,False
240,0,3,female,21,1,0,SC,1,adulto_idoso,True,False
241,1,3,female,13,1,0,SC,1,jovem_adulto,True,False
242,0,2,male,29,0,0,SC,0,adulto_idoso,False,False
243,0,3,male,22,0,0,SC,0,adulto_idoso,False,False
244,0,3,male,30,0,0,SC,0,adulto_idoso,False,False
245,0,1,male,44,2,0,C,2,adulto_idoso,True,True
246,0,3,female,25,0,0,SC,0,adulto_idoso,False,False
247,1,2,female,24,0,2,SC,2,adulto_idoso,True,False
248,1,1,male,37,1,1,D,2,adulto_idoso,True,True
249,0,2,male,54,1,0,SC,1,crianca_adolescente,True,False
250,0,3,male,23,0,0,SC,0,adulto_idoso,False,False
251,0,3,female,29,1,1,G,2,adulto_idoso,True,True
252,0,1,male,62,0,0,C,0,crianca_adolescente,False,True
253,0,3,male,30,1,0,SC,1,adulto_idoso,True,False
254,0,3,female,41,0,2,SC,2,adulto_idoso,True,False
255,1,3,female,29,0,2,SC,2,adulto_idoso,True,False
256,1,1,female,34,0,0,SC,0,adulto_idoso,False,False
257,1,1,female,30,0,0,B,0,adulto_idoso,False,True
258,1,1,female,35,0,0,SC,0,adulto_idoso,False,False
259,1,2,female,50,0,1,SC,1,crianca_adolescente,True,False
260,0,3,male,36,0,0,SC,0,adulto_idoso,False,False
261,1,3,male,3,4,2,SC,6,jovem_adulto,True,False
262,0,1,male,52,1,1,E,2,crianca_adolescente,True,True
263,0,1,male,40,0,0,B,0,adulto_idoso,False,True
264,0,3,female,22,0,0,SC,0,adulto_idoso,False,False
265,0,2,male,36,0,0,SC,0,adulto_idoso,False,False
266,0,3,male,16,4,1,SC,5,jovem_adulto,True,False
267,1,3,male,25,1,0,SC,1,adulto_idoso,True,False
268,1,1,female,58,0,1,C,1,crianca_adolescente,True,True
269,1,1,female,35,0,0,C,0,adulto_idoso,False,True
270,0,1,male,44,0,0,SC,0,adulto_idoso,False,False
271,1,3,male,25,0,0,SC,0,adulto_idoso,False,False
272,1,2,female,41,0,1,SC,1,adulto_idoso,True,False
273,0,1,male,37,0,1,C,1,adulto_idoso,True,True
274,1,3,female,19,0,0,SC,0,adulto_idoso,False,False
275,1,1,female,63,1,0,D,1,crianca_adolescente,True,True
276,0,3,female,45,0,0,SC,0,crianca_adolescente,False,False
277,0,2,male,27,0,0,SC,0,adulto_idoso,False,False
278,0,3,male,7,4,1,SC,5,jovem_adulto,True,False
279,1,3,female,35,1,1,SC,2,adulto_idoso,True,False
280,0,3,male,65,0,0,SC,0,crianca_adolescente,False,False
281,0,3,male,28,0,0,SC,0,adulto_idoso,False,False
282,0,3,male,16,0,0,SC,0,jovem_adulto,False,False
283,1,3,male,19,0,0,SC,0,adulto_idoso,False,False
284,0,1,male,27,0,0,A,0,adulto_idoso,False,True
285,0,3,male,33,0,0,SC,0,adulto_idoso,False,False
286,1,3,male,30,0,0,SC,0,adulto_idoso,False,False
287,0,3,male,22,0,0,SC,0,adulto_idoso,False,False
288,1,2,male,42,0,0,SC,0,adulto_idoso,False,False
289,1,3,female,22,0,0,SC,0,adulto_idoso,False,False
290,1,1,female,26,0,0,SC,0,adulto_idoso,False,False
291,1,1,female,19,1,0,B,1,adulto_idoso,True,True
292,0,2,male,36,0,0,D,0,adulto_idoso,False,True
293,0,3,female,24,0,0,SC,0,adulto_idoso,False,False
294,0,3,male,24,0,0,SC,0,adulto_idoso,False,False
295,0,1,male,42,0,0,SC,0,adulto_idoso,False,False
296,0,3,male,23,0,0,SC,0,adulto_idoso,False,False
297,0,1,female,2,1,2,C,3,jovem_adulto,True,True
298,1,1,male,37,0,0,C,0,adulto_idoso,False,True
299,1,1,female,50,0,1,B,1,crianca_adolescente,True,True
300,1,3,female,13,0,0,SC,0,jovem_adulto,False,False
301,1,3,male,23,2,0,SC,2,adulto_idoso,True,False
302,0,3,male,19,0,0,SC,0,adulto_idoso,False,False
303,1,2,female,28,0,0,E,0,adulto_idoso,False,True
304,0,3,male,40,0,0,SC,0,adulto_idoso,False,False
305,1,1,male,0,1,2,C,3,jovem_adulto,True,True
306,1,1,female,14,0,0,SC,0,jovem_adulto,False,False
307,1,1,female,17,1,0,C,1,jovem_adulto,True,True
308,0,2,male,30,1,0,SC,1,adulto_idoso,True,False
309,1,1,female,30,0,0,E,0,adulto_idoso,False,True
310,1,1,female,24,0,0,C,0,adulto_idoso,False,True
311,1,1,female,18,2,2,B,4,adulto_idoso,True,True
312,0,2,female,26,1,1,SC,2,adulto_idoso,True,False
313,0,3,male,28,0,0,SC,0,adulto_idoso,False,False
314,0,2,male,43,1,1,SC,2,adulto_idoso,True,False
315,1,3,female,26,0,0,SC,0,adulto_idoso,False,False
316,1,2,female,24,1,0,SC,1,adulto_idoso,True,False
317,0,2,male,54,0,0,SC,0,crianca_adolescente,False,False
318,1,1,female,31,0,2,C,2,adulto_idoso,True,True
319,1,1,female,40,1,1,E,2,adulto_idoso,True,True
320,0,3,male,22,0,0,SC,0,adulto_idoso,False,False
321,0,3,male,27,0,0,SC,0,adulto_idoso,False,False
322,1,2,female,30,0,0,SC,0,adulto_idoso,False,False
323,1,2,female,22,1,1,SC,2,adulto_idoso,True,False
324,0,3,male,22,8,2,SC,10,adulto_idoso,True,False
325,1,1,female,36,0,0,C,0,adulto_idoso,False,True
326,0,3,male,61,0,0,SC,0,crianca_adolescente,False,False
327,1,2,female,36,0,0,D,0,adulto_idoso,False,True
328,1,3,female,31,1,1,SC,2,adulto_idoso,True,False
329,1,1,female,16,0,1,B,1,jovem_adulto,True,True
330,1,3,female,15,2,0,SC,2,jovem_adulto,True,False
331,0,1,male,45,0,0,C,0,crianca_adolescente,False,True
332,0,1,male,38,0,1,C,1,adulto_idoso,True,True
333,0,3,male,16,2,0,SC,2,jovem_adulto,True,False
334,1,1,female,28,1,0,SC,1,adulto_idoso,True,False
335,0,3,male,39,0,0,SC,0,adulto_idoso,False,False
336,0,1,male,29,1,0,C,1,adulto_idoso,True,True
337,1,1,female,41,0,0,E,0,adulto_idoso,False,True
338,1,3,male,45,0,0,SC,0,crianca_adolescente,False,False
339,0,1,male,45,0,0,T,0,crianca_adolescente,False,True
340,1,2,male,2,1,1,F,2,jovem_adulto,True,True
341,1,1,female,24,3,2,C,5,adulto_idoso,True,True
342,0,2,male,28,0,0,SC,0,adulto_idoso,False,False
343,0,2,male,25,0,0,SC,0,adulto_idoso,False,False
344,0,2,male,36,0,0,SC,0,adulto_idoso,False,False
345,1,2,female,24,0,0,F,0,adulto_idoso,False,True
346,1,2,female,40,0,0,SC,0,adulto_idoso,False,False
347,1,3,female,26,1,0,SC,1,adulto_idoso,True,False
348,1,3,male,3,1,1,SC,2,jovem_adulto,True,False
349,0,3,male,42,0,0,SC,0,adulto_idoso,False,False
350,0,3,male,23,0,0,SC,0,adulto_idoso,False,False
351,0,1,male,42,0,0,C,0,adulto_idoso,False,True
352,0,3,male,15,1,1,SC,2,jovem_adulto,True,False
353,0,3,male,25,1,0,SC,1,adulto_idoso,True,False
354,0,3,male,43,0,0,SC,0,adulto_idoso,False,False
355,0,3,male,28,0,0,SC,0,adulto_idoso,False,False
356,1,1,female,22,0,1,E,1,adulto_idoso,True,True
357,0,2,female,38,0,0,SC,0,adulto_idoso,False,False
358,1,3,female,16,0,0,SC,0,jovem_adulto,False,False
359,1,3,female,30,0,0,SC,0,adulto_idoso,False,False
360,0,3,male,40,1,4,SC,5,adulto_idoso,True,False
361,0,2,male,29,1,0,SC,1,adulto_idoso,True,False
362,0,3,female,45,0,1,SC,1,crianca_adolescente,True,False
363,0,3,male,35,0,0,SC,0,adulto_idoso,False,False
364,0,3,male,25,1,0,SC,1,adulto_idoso,True,False
365,0,3,male,30,0,0,SC,0,adulto_idoso,False,False
366,1,1,female,60,1,0,D,1,crianca_adolescente,True,True
367,1,3,female,39,0,0,SC,0,adulto_idoso,False,False
368,1,3,female,14,0,0,SC,0,jovem_adulto,False,False
369,1,1,female,24,0,0,B,0,adulto_idoso,False,True
370,1,1,male,25,1,0,E,1,adulto_idoso,True,True
371,0,3,male,18,1,0,SC,1,adulto_idoso,True,False
372,0,3,male,19,0,0,SC,0,adulto_idoso,False,False
373,0,1,male,22,0,0,SC,0,adulto_idoso,False,False
374,0,3,female,3,3,1,SC,4,jovem_adulto,True,False
375,1,1,female,37,1,0,SC,1,adulto_idoso,True,False
376,1,3,female,22,0,0,SC,0,adulto_idoso,False,False
377,0,1,male,27,0,2,C,2,adulto_idoso,True,True
378,0,3,male,20,0,0,SC,0,adulto_idoso,False,False
379,0,3,male,19,0,0,SC,0,adulto_idoso,False,False
380,1,1,female,42,0,0,SC,0,adulto_idoso,False,False
381,1,3,female,1,0,2,SC,2,jovem_adulto,True,False
382,0,3,male,32,0,0,SC,0,adulto_idoso,False,False
383,1,1,female,35,1,0,SC,1,adulto_idoso,True,False
384,0,3,male,34,0,0,SC,0,adulto_idoso,False,False
385,0,2,male,18,0,0,SC,0,adulto_idoso,False,False
386,0,3,male,1,5,2,SC,7,jovem_adulto,True,False
387,1,2,female,36,0,0,SC,0,adulto_idoso,False,False
388,0,3,male,37,0,0,SC,0,adulto_idoso,False,False
389,1,2,female,17,0,0,SC,0,jovem_adulto,False,False
390,1,1,male,36,1,2,B,3,adulto_idoso,True,True
391,1,3,male,21,0,0,SC,0,adulto_idoso,False,False
392,0,3,male,28,2,0,SC,2,adulto_idoso,True,False
393,1,1,female,23,1,0,D,1,adulto_idoso,True,True
394,1,3,female,24,0,2,G,2,adulto_idoso,True,True
395,0,3,male,22,0,0,SC,0,adulto_idoso,False,False
396,0,3,female,31,0,0,SC,0,adulto_idoso,False,False
397,0,2,male,46,0,0,SC,0,crianca_adolescente,False,False
398,0,2,male,23,0,0,SC,0,adulto_idoso,False,False
399,1,2,female,28,0,0,SC,0,adulto_idoso,False,False
400,1,3,male,39,0,0,SC,0,adulto_idoso,False,False
401,0,3,male,26,0,0,SC,0,adulto_idoso,False,False
402,0,3,female,21,1,0,SC,1,adulto_idoso,True,False
403,0,3,male,28,1,0,SC,1,adulto_idoso,True,False
404,0,3,female,20,0,0,SC,0,adulto_idoso,False,False
405,0,2,male,34,1,0,SC,1,adulto_idoso,True,False
406,0,3,male,51,0,0,SC,0,crianca_adolescente,False,False
407,1,2,male,3,1,1,SC,2,jovem_adulto,True,False
408,0,3,male,21,0,0,SC,0,adulto_idoso,False,False
409,0,3,female,18,3,1,SC,4,adulto_idoso,True,False
410,0,3,male,22,0,0,SC,0,adulto_idoso,False,False
411,0,3,male,29,0,0,SC,0,adulto_idoso,False,False
412,1,1,female,33,1,0,C,1,adulto_idoso,True,True
413,0,2,male,26,0,0,SC,0,adulto_idoso,False,False
414,1,3,male,44,0,0,SC,0,adulto_idoso,False,False
415,0,3,female,35,0,0,SC,0,adulto_idoso,False,False
416,1,2,female,34,1,1,SC,2,adulto_idoso,True,False
417,1,2,female,18,0,2,SC,2,adulto_idoso,True,False
418,0,2,male,30,0,0,SC,0,adulto_idoso,False,False
419,0,3,female,10,0,2,SC,2,jovem_adulto,True,False
420,0,3,male,24,0,0,SC,0,adulto_idoso,False,False
421,0,3,male,21,0,0,SC,0,adulto_idoso,False,False
422,0,3,male,29,0,0,SC,0,adulto_idoso,False,False
423,0,3,female,28,1,1,SC,2,adulto_idoso,True,False
424,0,3,male,18,1,1,SC,2,adulto_idoso,True,False
425,0,3,male,31,0,0,SC,0,adulto_idoso,False,False
426,1,2,female,28,1,0,SC,1,adulto_idoso,True,False
427,1,2,female,19,0,0,SC,0,adulto_idoso,False,False
428,0,3,male,28,0,0,SC,0,adulto_idoso,False,False
429,1,3,male,32,0,0,E,0,adulto_idoso,False,True
430,1,1,male,28,0,0,C,0,adulto_idoso,False,True
431,1,3,female,27,1,0,SC,1,adulto_idoso,True,False
432,1,2,female,42,1,0,SC,1,adulto_idoso,True,False
433,0,3,male,17,0,0,SC,0,jovem_adulto,False,False
434,0,1,male,50,1,0,E,1,crianca_adolescente,True,True
435,1,1,female,14,1,2,B,3,jovem_adulto,True,True
436,0,3,female,21,2,2,SC,4,adulto_idoso,True,False
437,1,2,female,24,2,3,SC,5,adulto_idoso,True,False
438,0,1,male,64,1,4,C,5,crianca_adolescente,True,True
439,0,2,male,31,0,0,SC,0,adulto_idoso,False,False
440,1,2,female,45,1,1,SC,2,crianca_adolescente,True,False
441,0,3,male,20,0,0,SC,0,adulto_idoso,False,False
442,0,3,male,25,1,0,SC,1,adulto_idoso,True,False
443,1,2,female,28,0,0,SC,0,adulto_idoso,False,False
444,1,3,male,27,0,0,SC,0,adulto_idoso,False,False
445,1,1,male,4,0,2,A,2,jovem_adulto,True,True
446,1,2,female,13,0,1,SC,1,jovem_adulto,True,False
447,1,1,male,34,0,0,SC,0,adulto_idoso,False,False
448,1,3,female,5,2,1,SC,3,jovem_adulto,True,False
449,1,1,male,52,0,0,C,0,crianca_adolescente,False,True
450,0,2,male,36,1,2,SC,3,adulto_idoso,True,False
451,0,3,male,28,1,0,SC,1,adulto_idoso,True,False
452,0,1,male,30,0,0,C,0,adulto_idoso,False,True
453,1,1,male,49,1,0,C,1,crianca_adolescente,True,True
454,0,3,male,41,0,0,SC,0,adulto_idoso,False,False
455,1,3,male,29,0,0,SC,0,adulto_idoso,False,False
456,0,1,male,65,0,0,E,0,crianca_adolescente,False,True
457,1,1,female,25,1,0,D,1,adulto_idoso,True,True
458,1,2,female,50,0,0,SC,0,crianca_adolescente,False,False
459,0,3,male,26,0,0,SC,0,adulto_idoso,False,False
460,1,1,male,48,0,0,E,0,crianca_adolescente,False,True
461,0,3,male,34,0,0,SC,0,adulto_idoso,False,False
462,0,1,male,47,0,0,E,0,crianca_adolescente,False,True
463,0,2,male,48,0,0,SC,0,crianca_adolescente,False,False
464,0,3,male,41,0,0,SC,0,adulto_idoso,False,False
465,0,3,male,38,0,0,SC,0,adulto_idoso,False,False
466,0,2,male,36,0,0,SC,0,adulto_idoso,False,False
467,0,1,male,56,0,0,SC,0,crianca_adolescente,False,False
468,0,3,male,29,0,0,SC,0,adulto_idoso,False,False
469,1,3,female,0,2,1,SC,3,jovem_adulto,True,False
470,0,3,male,39,0,0,SC,0,adulto_idoso,False,False
471,0,3,male,38,0,0,SC,0,adulto_idoso,False,False
472,1,2,female,33,1,2,SC,3,adulto_idoso,True,False
473,1,2,female,23,0,0,D,0,adulto_idoso,False,True
474,0,3,female,22,0,0,SC,0,adulto_idoso,False,False
475,0,1,male,42,0,0,A,0,adulto_idoso,False,True
476,0,2,male,34,1,0,SC,1,adulto_idoso,True,False
477,0,3,male,29,1,0,SC,1,adulto_idoso,True,False
478,0,3,male,22,0,0,SC,0,adulto_idoso,False,False
479,1,3,female,2,0,1,SC,1,jovem_adulto,True,False
480,0,3,male,9,5,2,SC,7,jovem_adulto,True,False
481,0,2,male,37,0,0,SC,0,adulto_idoso,False,False
482,0,3,male,50,0,0,SC,0,crianca_adolescente,False,False
483,1,3,female,63,0,0,SC,0,crianca_adolescente,False,False
484,1,1,male,25,1,0,B,1,adulto_idoso,True,True
485,0,3,female,28,3,1,SC,4,adulto_idoso,True,False
486,1,1,female,35,1,0,C,1,adulto_idoso,True,True
487,0,1,male,58,0,0,B,0,crianca_adolescente,False,True
488,0,3,male,30,0,0,SC,0,adulto_idoso,False,False
489,1,3,male,9,1,1,SC,2,jovem_adulto,True,False
490,0,3,male,38,1,0,SC,1,adulto_idoso,True,False
491,0,3,male,21,0,0,SC,0,adulto_idoso,False,False
492,0,1,male,55,0,0,C,0,crianca_adolescente,False,True
493,0,1,male,71,0,0,SC,0,crianca_adolescente,False,False
494,0,3,male,21,0,0,SC,0,adulto_idoso,False,False
495,0,3,male,28,0,0,SC,0,adulto_idoso,False,False
496,1,1,female,54,1,0,D,1,crianca_adolescente,True,True
497,0,3,male,27,0,0,SC,0,adulto_idoso,False,False
498,0,1,female,25,1,2,C,3,adulto_idoso,True,True
499,0,3,male,24,0,0,SC,0,adulto_idoso,False,False
500,0,3,male,17,0,0,SC,0,jovem_adulto,False,False
501,0,3,female,21,0,0,SC,0,adulto_idoso,False,False
502,0,3,female,15,0,0,SC,0,jovem_adulto,False,False
503,0,3,female,37,0,0,SC,0,adulto_idoso,False,False
504,1,1,female,16,0,0,B,0,jovem_adulto,False,True
505,0,1,male,18,1,0,C,1,adulto_idoso,True,True
506,1,2,female,33,0,2,SC,2,adulto_idoso,True,False
507,1,1,male,24,0,0,SC,0,adulto_idoso,False,False
508,0,3,male,28,0,0,SC,0,adulto_idoso,False,False
509,1,3,male,26,0,0,SC,0,adulto_idoso,False,False
510,1,3,male,29,0,0,SC,0,adulto_idoso,False,False
511,0,3,male,22,0,0,SC,0,adulto_idoso,False,False
512,1,1,male,36,0,0,E,0,adulto_idoso,False,True
513,1,1,female,54,1,0,SC,1,crianca_adolescente,True,False
514,0,3,male,24,0,0,SC,0,adulto_idoso,False,False
515,0,1,male,47,0,0,D,0,crianca_adolescente,False,True
516,1,2,female,34,0,0,F,0,adulto_idoso,False,True
517,0,3,male,32,0,0,SC,0,adulto_idoso,False,False
518,1,2,female,36,1,0,SC,1,adulto_idoso,True,False
519,0,3,male,32,0,0,SC,0,adulto_idoso,False,False
520,1,1,female,30,0,0,B,0,adulto_idoso,False,True
521,0,3,male,22,0,0,SC,0,adulto_idoso,False,False
522,0,3,male,36,0,0,SC,0,adulto_idoso,False,False
523,1,1,female,44,0,1,B,1,adulto_idoso,True,True
524,0,3,male,36,0,0,SC,0,adulto_idoso,False,False
525,0,3,male,40,0,0,SC,0,adulto_idoso,False,False
526,1,2,female,50,0,0,SC,0,crianca_adolescente,False,False
527,0,1,male,42,0,0,C,0,adulto_idoso,False,True
528,0,3,male,39,0,0,SC,0,adulto_idoso,False,False
529,0,2,male,23,2,1,SC,3,adulto_idoso,True,False
530,1,2,female,2,1,1,SC,2,jovem_adulto,True,False
531,0,3,male,22,0,0,SC,0,adulto_idoso,False,False
532,0,3,male,17,1,1,SC,2,jovem_adulto,True,False
533,1,3,female,40,0,2,SC,2,adulto_idoso,True,False
534,0,3,female,30,0,0,SC,0,adulto_idoso,False,False
535,1,2,female,7,0,2,SC,2,jovem_adulto,True,False
536,0,1,male,45,0,0,B,0,crianca_adolescente,False,True
537,1,1,female,30,0,0,SC,0,adulto_idoso,False,False
538,0,3,male,44,0,0,SC,0,adulto_idoso,False,False
539,1,1,female,22,0,2,B,2,adulto_idoso,True,True
540,1,1,female,36,0,2,B,2,adulto_idoso,True,True
541,0,3,female,9,4,2,SC,6,jovem_adulto,True,False
542,0,3,female,11,4,2,SC,6,jovem_adulto,True,False
543,1,2,male,32,1,0,SC,1,adulto_idoso,True,False
544,0,1,male,50,1,0,C,1,crianca_adolescente,True,True
545,0,1,male,64,0,0,SC,0,crianca_adolescente,False,False
546,1,2,female,19,1,0,SC,1,adulto_idoso,True,False
547,1,2,male,44,0,0,SC,0,adulto_idoso,False,False
548,0,3,male,33,1,1,SC,2,adulto_idoso,True,False
549,1,2,male,8,1,1,SC,2,jovem_adulto,True,False
550,1,1,male,17,0,2,C,2,jovem_adulto,True,True
551,0,2,male,27,0,0,SC,0,adulto_idoso,False,False
552,0,3,male,24,0,0,SC,0,adulto_idoso,False,False
553,1,3,male,22,0,0,SC,0,adulto_idoso,False,False
554,1,3,female,22,0,0,SC,0,adulto_idoso,False,False
555,0,1,male,62,0,0,SC,0,crianca_adolescente,False,False
556,1,1,female,48,1,0,A,1,crianca_adolescente,True,True
557,0,1,male,35,0,0,SC,0,adulto_idoso,False,False
558,1,1,female,39,1,1,E,2,adulto_idoso,True,True
559,1,3,female,36,1,0,SC,1,adulto_idoso,True,False
560,0,3,male,22,0,0,SC,0,adulto_idoso,False,False
561,0,3,male,40,0,0,SC,0,adulto_idoso,False,False
562,0,2,male,28,0,0,SC,0,adulto_idoso,False,False
563,0,3,male,36,0,0,SC,0,adulto_idoso,False,False
564,0,3,female,32,0,0,SC,0,adulto_idoso,False,False
565,0,3,male,24,2,0,SC,2,adulto_idoso,True,False
566,0,3,male,19,0,0,SC,0,adulto_idoso,False,False
567,0,3,female,29,0,4,SC,4,adulto_idoso,True,False
568,0,3,male,29,0,0,SC,0,adulto_idoso,False,False
569,1,3,male,32,0,0,SC,0,adulto_idoso,False,False
570,1,2,male,62,0,0,SC,0,crianca_adolescente,False,False
571,1,1,female,53,2,0,C,2,crianca_adolescente,True,True
572,1,1,male,36,0,0,E,0,adulto_idoso,False,True
573,1,3,female,28,0,0,SC,0,adulto_idoso,False,False
574,0,3,male,16,0,0,SC,0,jovem_adulto,False,False
575,0,3,male,19,0,0,SC,0,adulto_idoso,False,False
576,1,2,female,34,0,0,SC,0,adulto_idoso,False,False
577,1,1,female,39,1,0,E,1,adulto_idoso,True,True
578,0,3,female,41,1,0,SC,1,adulto_idoso,True,False
579,1,3,male,32,0,0,SC,0,adulto_idoso,False,False
580,1,2,female,25,1,1,SC,2,adulto_idoso,True,False
581,1,1,female,39,1,1,C,2,adulto_idoso,True,True
582,0,2,male,54,0,0,SC,0,crianca_adolescente,False,False
583,0,1,male,36,0,0,A,0,adulto_idoso,False,True
584,0,3,male,22,0,0,SC,0,adulto_idoso,False,False
585,1,1,female,18,0,2,E,2,adulto_idoso,True,True
586,0,2,male,47,0,0,SC,0,crianca_adolescente,False,False
587,1,1,male,60,1,1,B,2,crianca_adolescente,True,True
588,0,3,male,22,0,0,SC,0,adulto_idoso,False,False
589,0,3,male,36,0,0,SC,0,adulto_idoso,False,False
590,0,3,male,35,0,0,SC,0,adulto_idoso,False,False
591,1,1,female,52,1,0,D,1,crianca_adolescente,True,True
592,0,3,male,47,0,0,SC,0,crianca_adolescente,False,False
593,0,3,female,29,0,2,SC,2,adulto_idoso,True,False
594,0,2,male,37,1,0,SC,1,adulto_idoso,True,False
595,0,3,male,36,1,1,SC,2,adulto_idoso,True,False
596,1,2,female,27,0,0,SC,0,adulto_idoso,False,False
597,0,3,male,49,0,0,SC,0,crianca_adolescente,False,False
598,0,3,male,25,0,0,SC,0,adulto_idoso,False,False
599,1,1,male,49,1,0,A,1,crianca_adolescente,True,True
600,1,2,female,24,2,1,SC,3,adulto_idoso,True,False
601,0,3,male,25,0,0,SC,0,adulto_idoso,False,False
602,0,1,male,35,0,0,SC,0,adulto_idoso,False,False
603,0,3,male,44,0,0,SC,0,adulto_idoso,False,False
604,1,1,male,35,0,0,SC,0,adulto_idoso,False,False
605,0,3,male,36,1,0,SC,1,adulto_idoso,True,False
606,0,3,male,30,0,0,SC,0,adulto_idoso,False,False
607,1,1,male,27,0,0,SC,0,adulto_idoso,False,False
608,1,2,female,22,1,2,SC,3,adulto_idoso,True,False
609,1,1,female,40,0,0,C,0,adulto_idoso,False,True
610,0,3,female,39,1,5,SC,6,adulto_idoso,True,False
611,0,3,male,31,0,0,SC,0,adulto_idoso,False,False
612,1,3,female,13,1,0,SC,1,jovem_adulto,True,False
613,0,3,male,36,0,0,SC,0,adulto_idoso,False,False
614,0,3,male,35,0,0,SC,0,adulto_idoso,False,False
615,1,2,female,24,1,2,SC,3,adulto_idoso,True,False
616,0,3,male,34,1,1,SC,2,adulto_idoso,True,False
617,0,3,female,26,1,0,SC,1,adulto_idoso,True,False
618,1,2,female,4,2,1,F,3,jovem_adulto,True,True
619,0,2,male,26,0,0,SC,0,adulto_idoso,False,False
620,0,3,male,27,1,0,SC,1,adulto_idoso,True,False
621,1,1,male,42,1,0,D,1,adulto_idoso,True,True
622,1,3,male,20,1,1,SC,2,adulto_idoso,True,False
623,0,3,male,21,0,0,SC,0,adulto_idoso,False,False
624,0,3,male,21,0,0,SC,0,adulto_idoso,False,False
625,0,1,male,61,0,0,D,0,crianca_adolescente,False,True
626,0,2,male,57,0,0,SC,0,crianca_adolescente,False,False
627,1,1,female,21,0,0,D,0,adulto_idoso,False,True
628,0,3,male,26,0,0,SC,0,adulto_idoso,False,False
629,0,3,male,30,0,0,SC,0,adulto_idoso,False,False
630,1,1,male,80,0,0,A,0,crianca_adolescente,False,True
631,0,3,male,51,0,0,SC,0,crianca_adolescente,False,False
632,1,1,male,32,0,0,B,0,adulto_idoso,False,True
633,0,1,male,30,0,0,SC,0,adulto_idoso,False,False
634,0,3,female,9,3,2,SC,5,jovem_adulto,True,False
635,1,2,female,28,0,0,SC,0,adulto_idoso,False,False
636,0,3,male,32,0,0,SC,0,adulto_idoso,False,False
637,0,2,male,31,1,1,SC,2,adulto_idoso,True,False
638,0,3,female,41,0,5,SC,5,adulto_idoso,True,False
639,0,3,male,26,1,0,SC,1,adulto_idoso,True,False
640,0,3,male,20,0,0,SC,0,adulto_idoso,False,False
641,1,1,female,24,0,0,B,0,adulto_idoso,False,True
642,0,3,female,2,3,2,SC,5,jovem_adulto,True,False
643,1,3,male,29,0,0,SC,0,adulto_idoso,False,False
644,1,3,female,0,2,1,SC,3,jovem_adulto,True,False
645,1,1,male,48,1,0,D,1,crianca_adolescente,True,True
646,0,3,male,19,0,0,SC,0,adulto_idoso,False,False
647,1,1,male,56,0,0,A,0,crianca_adolescente,False,True
648,0,3,male,24,0,0,SC,0,adulto_idoso,False,False
649,1,3,female,23,0,0,SC,0,adulto_idoso,False,False
650,0,3,male,41,0,0,SC,0,adulto_idoso,False,False
651,1,2,female,18,0,1,SC,1,adulto_idoso,True,False
652,0,3,male,21,0,0,SC,0,adulto_idoso,False,False
653,1,3,female,18,0,0,SC,0,adulto_idoso,False,False
654,0,3,female,18,0,0,SC,0,adulto_idoso,False,False
655,0,2,male,24,2,0,SC,2,adulto_idoso,True,False
656,0,3,male,28,0,0,SC,0,adulto_idoso,False,False
657,0,3,female,32,1,1,SC,2,adulto_idoso,True,False
658,0,2,male,23,0,0,SC,0,adulto_idoso,False,False
659,0,1,male,58,0,2,D,2,crianca_adolescente,True,True
660,1,1,male,50,2,0,SC,2,crianca_adolescente,True,False
661,0,3,male,40,0,0,SC,0,adulto_idoso,False,False
662,0,1,male,47,0,0,E,0,crianca_adolescente,False,True
663,0,3,male,36,0,0,SC,0,adulto_idoso,False,False
664,1,3,male,20,1,0,SC,1,adulto_idoso,True,False
665,0,2,male,32,2,0,SC,2,adulto_idoso,True,False
666,0,2,male,25,0,0,SC,0,adulto_idoso,False,False
667,0,3,male,33,0,0,SC,0,adulto_idoso,False,False
668,0,3,male,43,0,0,SC,0,adulto_idoso,False,False
669,1,1,female,32,1,0,C,1,adulto_idoso,True,True
670,1,2,female,40,1,1,SC,2,adulto_idoso,True,False
671,0,1,male,31,1,0,B,1,adulto_idoso,True,True
672,0,2,male,70,0,0,SC,0,crianca_adolescente,False,False
673,1,2,male,31,0,0,SC,0,adulto_idoso,False,False
674,0,2,male,35,0,0,SC,0,adulto_idoso,False,False
675,0,3,male,18,0,0,SC,0,adulto_idoso,False,False
676,0,3,male,24,0,0,SC,0,adulto_idoso,False,False
677,1,3,female,18,0,0,SC,0,adulto_idoso,False,False
678,0,3,female,43,1,6,SC,7,adulto_idoso,True,False
679,1,1,male,36,0,1,B,1,adulto_idoso,True,True
680,0,3,female,26,0,0,SC,0,adulto_idoso,False,False
681,1,1,male,27,0,0,D,0,adulto_idoso,False,True
682,0,3,male,20,0,0,SC,0,adulto_idoso,False,False
683,0,3,male,14,5,2,SC,7,jovem_adulto,True,False
684,0,2,male,60,1,1,SC,2,crianca_adolescente,True,False
685,0,2,male,25,1,2,SC,3,adulto_idoso,True,False
686,0,3,male,14,4,1,SC,5,jovem_adulto,True,False
687,0,3,male,19,0,0,SC,0,adulto_idoso,False,False
688,0,3,male,18,0,0,SC,0,adulto_idoso,False,False
689,1,1,female,15,0,1,B,1,jovem_adulto,True,True
690,1,1,male,31,1,0,B,1,adulto_idoso,True,True
691,1,3,female,4,0,1,SC,1,jovem_adulto,True,False
692,1,3,male,27,0,0,SC,0,adulto_idoso,False,False
693,0,3,male,25,0,0,SC,0,adulto_idoso,False,False
694,0,1,male,60,0,0,SC,0,crianca_adolescente,False,False
695,0,2,male,52,0,0,SC,0,crianca_adolescente,False,False
696,0,3,male,44,0,0,SC,0,adulto_idoso,False,False
697,1,3,female,11,0,0,SC,0,jovem_adulto,False,False
698,0,1,male,49,1,1,C,2,crianca_adolescente,True,True
699,0,3,male,42,0,0,F,0,adulto_idoso,False,True
700,1,1,female,18,1,0,C,1,adulto_idoso,True,True
701,1,1,male,35,0,0,E,0,adulto_idoso,False,True
702,0,3,female,18,0,1,SC,1,adulto_idoso,True,False
703,0,3,male,25,0,0,SC,0,adulto_idoso,False,False
704,0,3,male,26,1,0,SC,1,adulto_idoso,True,False
705,0,2,male,39,0,0,SC,0,adulto_idoso,False,False
706,1,2,female,45,0,0,SC,0,crianca_adolescente,False,False
707,1,1,male,42,0,0,E,0,adulto_idoso,False,True
708,1,1,female,22,0,0,SC,0,adulto_idoso,False,False
709,1,3,male,4,1,1,SC,2,jovem_adulto,True,False
710,1,1,female,24,0,0,C,0,adulto_idoso,False,True
711,0,1,male,25,0,0,C,0,adulto_idoso,False,True
712,1,1,male,48,1,0,C,1,crianca_adolescente,True,True
713,0,3,male,29,0,0,SC,0,adulto_idoso,False,False
714,0,2,male,52,0,0,SC,0,crianca_adolescente,False,False
715,0,3,male,19,0,0,F,0,adulto_idoso,False,True
716,1,1,female,38,0,0,C,0,adulto_idoso,False,True
717,1,2,female,27,0,0,E,0,adulto_idoso,False,True
718,0,3,male,25,0,0,SC,0,adulto_idoso,False,False
719,0,3,male,33,0,0,SC,0,adulto_idoso,False,False
720,1,2,female,6,0,1,SC,1,jovem_adulto,True,False
721,0,3,male,17,1,0,SC,1,jovem_adulto,True,False
722,0,2,male,34,0,0,SC,0,adulto_idoso,False,False
723,0,2,male,50,0,0,SC,0,crianca_adolescente,False,False
724,1,1,male,27,1,0,E,1,adulto_idoso,True,True
725,0,3,male,20,0,0,SC,0,adulto_idoso,False,False
726,1,2,female,30,3,0,SC,3,adulto_idoso,True,False
727,1,3,female,18,0,0,SC,0,adulto_idoso,False,False
728,0,2,male,25,1,0,SC,1,adulto_idoso,True,False
729,0,3,female,25,1,0,SC,1,adulto_idoso,True,False
730,1,1,female,29,0,0,B,0,adulto_idoso,False,True
731,0,3,male,11,0,0,SC,0,jovem_adulto,False,False
732,0,2,male,22,0,0,SC,0,adulto_idoso,False,False
733,0,2,male,23,0,0,SC,0,adulto_idoso,False,False
734,0,2,male,23,0,0,SC,0,adulto_idoso,False,False
735,0,3,male,28,0,0,SC,0,adulto_idoso,False,False
736,0,3,female,48,1,3,SC,4,crianca_adolescente,True,False
737,1,1,male,35,0,0,B,0,adulto_idoso,False,True
738,0,3,male,41,0,0,SC,0,adulto_idoso,False,False
739,0,3,male,41,0,0,SC,0,adulto_idoso,False,False
740,1,1,male,26,0,0,D,0,adulto_idoso,False,True
741,0,1,male,36,1,0,C,1,adulto_idoso,True,True
742,1,1,female,21,2,2,B,4,adulto_idoso,True,True
743,0,3,male,24,1,0,SC,1,adulto_idoso,True,False
744,1,3,male,31,0,0,SC,0,adulto_idoso,False,False
745,0,1,male,70,1,1,B,2,crianca_adolescente,True,True
746,0,3,male,16,1,1,SC,2,jovem_adulto,True,False
747,1,2,female,30,0,0,SC,0,adulto_idoso,False,False
748,0,1,male,19,1,0,D,1,adulto_idoso,True,True
749,0,3,male,31,0,0,SC,0,adulto_idoso,False,False
750,1,2,female,4,1,1,SC,2,jovem_adulto,True,False
751,1,3,male,6,0,1,E,1,jovem_adulto,True,True
752,0,3,male,33,0,0,SC,0,adulto_idoso,False,False
753,0,3,male,23,0,0,SC,0,adulto_idoso,False,False
754,1,2,female,48,1,2,SC,3,crianca_adolescente,True,False
755,1,2,male,0,1,1,SC,2,jovem_adulto,True,False
756,0,3,male,28,0,0,SC,0,adulto_idoso,False,False
757,0,2,male,18,0,0,SC,0,adulto_idoso,False,False
758,0,3,male,34,0,0,SC,0,adulto_idoso,False,False
759,1,1,female,33,0,0,B,0,adulto_idoso,False,True
760,0,3,male,34,0,0,SC,0,adulto_idoso,False,False
761,0,3,male,41,0,0,SC,0,adulto_idoso,False,False
762,1,3,male,20,0,0,SC,0,adulto_idoso,False,False
763,1,1,female,36,1,2,B,3,adulto_idoso,True,True
764,0,3,male,16,0,0,SC,0,jovem_adulto,False,False
765,1,1,female,51,1,0,D,1,crianca_adolescente,True,True
766,0,1,male,41,0,0,SC,0,adulto_idoso,False,False
767,0,3,female,30,0,0,SC,0,adulto_idoso,False,False
768,0,3,male,26,1,0,SC,1,adulto_idoso,True,False
769,0,3,male,32,0,0,SC,0,adulto_idoso,False,False
770,0,3,male,24,0,0,SC,0,adulto_idoso,False,False
771,0,3,male,48,0,0,SC,0,crianca_adolescente,False,False
772,0,2,female,57,0,0,E,0,crianca_adolescente,False,True
773,0,3,male,22,0,0,SC,0,adulto_idoso,False,False
774,1,2,female,54,1,3,SC,4,crianca_adolescente,True,False
775,0,3,male,18,0,0,SC,0,adulto_idoso,False,False
776,0,3,male,32,0,0,F,0,adulto_idoso,False,True
777,1,3,female,5,0,0,SC,0,jovem_adulto,False,False
778,0,3,male,35,0,0,SC,0,adulto_idoso,False,False
779,1,1,female,43,0,1,B,1,adulto_idoso,True,True
780,1,3,female,13,0,0,SC,0,jovem_adulto,False,False
781,1,1,female,17,1,0,B,1,jovem_adulto,True,True
782,0,1,male,29,0,0,D,0,adulto_idoso,False,True
783,0,3,male,21,1,2,SC,3,adulto_idoso,True,False
784,0,3,male,25,0,0,SC,0,adulto_idoso,False,False
785,0,3,male,25,0,0,SC,0,adulto_idoso,False,False
786,1,3,female,18,0,0,SC,0,adulto_idoso,False,False
787,0,3,male,8,4,1,SC,5,jovem_adulto,True,False
788,1,3,male,1,1,2,SC,3,jovem_adulto,True,False
789,0,1,male,46,0,0,B,0,crianca_adolescente,False,True
790,0,3,male,26,0,0,SC,0,adulto_idoso,False,False
791,0,2,male,16,0,0,SC,0,jovem_adulto,False,False
792,0,3,female,29,8,2,SC,10,adulto_idoso,True,False
793,0,1,male,40,0,0,SC,0,adulto_idoso,False,False
794,0,3,male,25,0,0,SC,0,adulto_idoso,False,False
795,0,2,male,39,0,0,SC,0,adulto_idoso,False,False
796,1,1,female,49,0,0,D,0,crianca_adolescente,False,True
797,1,3,female,31,0,0,SC,0,adulto_idoso,False,False
798,0,3,male,30,0,0,SC,0,adulto_idoso,False,False
799,0,3,female,30,1,1,SC,2,adulto_idoso,True,False
800,0,2,male,34,0,0,SC,0,adulto_idoso,False,False
801,1,2,female,31,1,1,SC,2,adulto_idoso,True,False
802,1,1,male,11,1,2,B,3,jovem_adulto,True,True
803,1,3,male,0,0,1,SC,1,jovem_adulto,True,False
804,1,3,male,27,0,0,SC,0,adulto_idoso,False,False
805,0,3,male,31,0,0,SC,0,adulto_idoso,False,False
806,0,1,male,39,0,0,A,0,adulto_idoso,False,True
807,0,3,female,18,0,0,SC,0,adulto_idoso,False,False
808,0,2,male,39,0,0,SC,0,adulto_idoso,False,False
809,1,1,female,33,1,0,E,1,adulto_idoso,True,True
810,0,3,male,26,0,0,SC,0,adulto_idoso,False,False
811,0,3,male,39,0,0,SC,0,adulto_idoso,False,False
812,0,2,male,35,0,0,SC,0,adulto_idoso,False,False
813,0,3,female,6,4,2,SC,6,jovem_adulto,True,False
814,0,3,male,30,0,0,SC,0,adulto_idoso,False,False
815,0,1,male,42,0,0,B,0,adulto_idoso,False,True
816,0,3,female,23,0,0,SC,0,adulto_idoso,False,False
817,0,2,male,31,1,1,SC,2,adulto_idoso,True,False
818,0,3,male,43,0,0,SC,0,adulto_idoso,False,False
819,0,3,male,10,3,2,SC,5,jovem_adulto,True,False
820,1,1,female,52,1,1,B,2,crianca_adolescente,True,True
821,1,3,male,27,0,0,SC,0,adulto_idoso,False,False
822,0,1,male,38,0,0,SC,0,adulto_idoso,False,False
823,1,3,female,27,0,1,E,1,adulto_idoso,True,True
824,0,3,male,2,4,1,SC,5,jovem_adulto,True,False
825,0,3,male,32,0,0,SC,0,adulto_idoso,False,False
826,0,3,male,24,0,0,SC,0,adulto_idoso,False,False
827,1,2,male,1,0,2,SC,2,jovem_adulto,True,False
828,1,3,male,28,0,0,SC,0,adulto_idoso,False,False
829,1,1,female,62,0,0,B,0,crianca_adolescente,False,True
830,1,3,female,15,1,0,SC,1,jovem_adulto,True,False
831,1,2,male,0,1,1,SC,2,jovem_adulto,True,False
832,0,3,male,26,0,0,SC,0,adulto_idoso,False,False
833,0,3,male,23,0,0,SC,0,adulto_idoso,False,False
834,0,3,male,18,0,0,SC,0,adulto_idoso,False,False
835,1,1,female,39,1,1,E,2,adulto_idoso,True,True
836,0,3,male,21,0,0,SC,0,adulto_idoso,False,False
837,0,3,male,44,0,0,SC,0,adulto_idoso,False,False
838,1,3,male,32,0,0,SC,0,adulto_idoso,False,False
839,1,1,male,22,0,0,C,0,adulto_idoso,False,True
840,0,3,male,20,0,0,SC,0,adulto_idoso,False,False
841,0,2,male,16,0,0,SC,0,jovem_adulto,False,False
842,1,1,female,30,0,0,SC,0,adulto_idoso,False,False
843,0,3,male,34,0,0,SC,0,adulto_idoso,False,False
844,0,3,male,17,0,0,SC,0,jovem_adulto,False,False
845,0,3,male,42,0,0,SC,0,adulto_idoso,False,False
846,0,3,male,33,8,2,SC,10,adulto_idoso,True,False
847,0,3,male,35,0,0,SC,0,adulto_idoso,False,False
848,0,2,male,28,0,1,SC,1,adulto_idoso,True,False
849,1,1,female,31,1,0,C,1,adulto_idoso,True,True
850,0,3,male,4,4,2,SC,6,jovem_adulto,True,False
851,0,3,male,74,0,0,SC,0,crianca_adolescente,False,False
852,0,3,female,9,1,1,SC,2,jovem_adulto,True,False
853,1,1,female,16,0,1,D,1,jovem_adulto,True,True
854,0,2,female,44,1,0,SC,1,adulto_idoso,True,False
855,1,3,female,18,0,1,SC,1,adulto_idoso,True,False
856,1,1,female,45,1,1,SC,2,crianca_adolescente,True,False
857,1,1,male,51,0,0,E,0,crianca_adolescente,False,True
858,1,3,female,24,0,3,SC,3,adulto_idoso,True,False
859,0,3,male,21,0,0,SC,0,adulto_idoso,False,False
860,0,3,male,41,2,0,SC,2,adulto_idoso,True,False
861,0,2,male,21,1,0,SC,1,adulto_idoso,True,False
862,1,1,female,48,0,0,D,0,crianca_adolescente,False,True
863,0,3,female,12,8,2,SC,10,jovem_adulto,True,False
864,0,2,male,24,0,0,SC,0,adulto_idoso,False,False
865,1,2,female,42,0,0,SC,0,adulto_idoso,False,False
866,1,2,female,27,1,0,SC,1,adulto_idoso,True,False
867,0,1,male,31,0,0,A,0,adulto_idoso,False,True
868,0,3,male,31,0,0,SC,0,adulto_idoso,False,False
869,1,3,male,4,1,1,SC,2,jovem_adulto,True,False
870,0,3,male,26,0,0,SC,0,adulto_idoso,False,False
871,1,1,female,47,1,1,D,2,crianca_adolescente,True,True
872,0,1,male,33,0,0,B,0,adulto_idoso,False,True
873,0,3,male,47,0,0,SC,0,crianca_adolescente,False,False
874,1,2,female,28,1,0,SC,1,adulto_idoso,True,False
875,1,3,female,15,0,0,SC,0,jovem_adulto,False,False
876,0,3,male,20,0,0,SC,0,adulto_idoso,False,False
877,0,3,male,19,0,0,SC,0,adulto_idoso,False,False
878,0,3,male,27,0,0,SC,0,adulto_idoso,False,False
879,1,1,female,56,0,1,C,1,crianca_adolescente,True,True
880,1,2,female,25,0,1,SC,1,adulto_idoso,True,False
881,0,3,male,33,0,0,SC,0,adulto_idoso,False,False
882,0,3,female,22,0,0,SC,0,adulto_idoso,False,False
883,0,2,male,28,0,0,SC,0,adulto_idoso,False,False
884,0,3,male,25,0,0,SC,0,adulto_idoso,False,False
885,0,3,female,39,0,5,SC,5,adulto_idoso,True,False
886,0,2,male,27,0,0,SC,0,adulto_idoso,False,False
887,1,1,female,19,0,0,B,0,adulto_idoso,False,True
888,0,3,female,30,1,2,SC,3,adulto_idoso,True,False
889,1,1,male,26,0,0,C,0,adulto_idoso,False,True
890,0,3,male,32,0,0,SC,0,adulto_idoso,False,False
